,alcohol,chlorides,free_sulfur_dioxide,sulphates,density,volatile_acidity,citric_acid
0,0,1,4,1,0,1,4
1,1,1,4,2,3,3,1
2,3,4,4,2,0,3,2
3,4,3,3,0,0,3,1
4,1,4,1,2,4,1,3
5,2,1,3,4,4,3,1
6,0,4,1,2,2,1,4
7,3,0,4,1,4,0,2
8,0,1,4,4,4,4,4
9,2,4,4,2,1,1,3
10,2,2,3,0,0,2,1
11,0,2,0,1,3,0,0
12,4,1,0,4,3,4,1
13,1,1,3,0,0,3,4
14,1,0,3,3,0,0,4
15,3,2,2,0,1,3,1
16,2,0,0,2,0,1,2
17,3,0,0,1,0,3,0
18,1,2,4,4,0,1,0
19,0,2,0,0,1,3,0
20,4,4,0,3,0,1,0
21,1,2,1,2,2,4,1
22,4,0,3,0,0,0,0
23,2,0,4,1,0,2,1
24,1,1,0,2,1,3,0
25,1,2,4,2,0,0,1
26,2,2,2,1,2,3,4
27,2,1,3,0,3,1,1
28,2,0,2,2,1,1,0
29,0,3,1,2,1,2,4
30,2,4,3,0,3,4,1
31,3,4,1,0,1,2,0
32,2,2,0,1,1,1,2
33,4,1,3,0,2,4,3
34,4,2,0,4,1,1,3
35,4,0,0,4,1,0,4
36,1,1,0,2,4,0,2
37,2,3,4,3,2,1,1
38,0,2,2,4,0,2,3
39,1,0,0,3,4,3,2
40,0,2,2,0,0,3,3
41,0,2,3,0,2,2,2
42,2,0,3,1,1,3,2
43,0,2,3,1,1,1,3
44,3,2,1,1,4,0,0
45,1,0,0,0,2,0,0
46,1,1,2,1,4,0,4
47,1,4,1,1,3,3,1
48,4,1,3,2,0,3,0
49,0,0,0,0,1,4,0
50,2,3,0,1,4,3,1
51,1,0,3,1,0,4,2
52,2,1,0,2,4,3,1
53,3,3,2,3,0,2,2
54,0,3,3,1,0,3,2
55,3,0,2,3,3,0,0
56,4,3,2,2,4,0,4
57,1,3,1,3,2,0,4
58,1,2,2,1,2,0,3
59,3,0,0,1,0,2,0
60,0,3,3,4,2,3,3
61,1,2,4,0,4,1,1
62,2,0,2,4,4,2,3
63,2,2,4,0,2,1,0
64,4,3,0,2,1,2,2
65,1,0,4,0,1,3,0
66,3,1,1,0,3,1,2
67,4,3,3,0,1,1,0
68,1,0,2,1,2,2,0
69,4,2,0,1,4,4,3
70,1,0,0,0,2,1,0
71,3,0,3,1,1,0,2
72,0,0,0,0,4,3,3
73,1,0,0,4,2,0,0
74,0,1,2,1,0,2,2
75,0,1,1,2,1,0,4
76,1,1,3,0,1,4,1
77,4,1,2,3,2,1,3
78,0,4,0,0,3,1,1
79,3,3,0,2,0,0,1
80,0,0,0,4,1,0,3
81,1,2,4,4,0,0,0
82,1,2,2,1,4,1,3
83,2,0,4,0,4,2,0
84,1,0,0,2,3,3,0
85,2,1,4,0,1,4,2
86,3,1,4,3,0,1,3
87,2,2,4,1,4,3,2
88,4,0,4,2,4,0,4
89,1,4,3,0,2,0,3
90,2,3,1,4,0,1,4
91,0,1,4,0,3,1,4
92,2,0,0,2,2,0,1
93,2,2,4,0,2,4,1
94,2,2,3,4,4,1,0
95,2,3,4,2,1,0,4
96,3,4,0,1,2,1,4
97,0,0,1,1,3,1,2
98,2,3,4,1,4,2,4
99,0,3,0,2,4,0,3
100,1,3,4,4,4,1,0
101,0,0,0,0,1,1,3
102,1,2,4,1,3,4,2
103,2,2,3,4,1,1,1
104,4,0,2,0,2,2,2
105,0,0,1,1,2,1,2
106,0,0,2,3,3,2,0
107,3,3,3,0,1,2,3
108,1,2,0,4,4,2,2
109,1,4,3,2,1,3,0
110,0,1,3,1,0,1,1
111,1,4,4,3,2,0,2
112,0,1,4,0,2,0,0
113,3,4,3,0,1,1,0
114,1,2,0,1,3,2,3
115,0,2,3,1,4,3,0
116,3,0,0,0,4,2,1
117,3,1,4,3,4,4,2
118,0,0,1,1,3,3,0
119,3,2,4,1,4,3,0
120,3,2,3,1,3,3,2
121,0,1,3,2,0,4,0
122,3,0,3,1,2,1,3
123,1,0,2,3,4,1,3
124,3,3,2,3,1,3,1
125,0,1,1,4,2,3,1
126,4,3,1,0,4,4,4
127,2,0,3,1,4,2,1
128,1,2,1,4,4,4,4
129,0,2,0,3,1,3,1
130,2,1,3,3,1,4,1
131,0,3,2,2,0,4,2
132,0,1,2,0,2,0,3
133,4,0,0,0,0,2,3
134,0,3,4,1,0,1,4
135,2,3,4,4,2,0,2
136,0,3,2,4,0,4,2
137,4,1,2,1,0,4,4
138,1,4,1,1,3,0,4
139,1,3,0,0,1,4,0
140,0,3,4,0,3,2,1
141,4,0,1,1,2,0,1
142,1,2,3,1,0,3,0
143,0,0,4,4,1,1,0
144,0,3,2,4,3,1,0
145,2,1,3,3,0,3,0
146,2,1,1,4,0,0,0
147,0,2,0,1,0,2,0
148,4,4,4,2,0,2,0
149,1,0,1,0,1,0,2
150,1,1,0,2,1,4,2
151,4,0,2,1,4,2,2
152,2,0,1,1,0,1,1
153,0,4,4,1,2,3,1
154,3,4,2,0,3,1,1
155,3,1,0,4,1,0,2
156,1,1,0,1,1,2,3
157,1,2,2,2,3,0,2
158,2,3,1,4,0,3,0
159,0,4,2,0,0,0,1
160,1,3,3,4,1,0,4
161,0,0,3,0,2,0,0
162,1,1,4,3,2,2,1
163,1,2,0,2,4,4,3
164,1,1,0,1,1,1,0
165,3,3,4,4,2,4,3
166,2,0,2,2,0,3,1
167,1,1,1,0,1,1,0
168,0,2,4,1,1,1,1
169,2,0,4,1,3,4,3
170,0,4,4,4,2,4,0
171,3,4,0,2,3,0,0
172,2,1,0,0,3,1,4
173,0,2,3,0,3,4,3
174,4,0,3,1,3,1,1
175,4,2,0,2,0,4,0
176,0,1,3,2,1,4,1
177,4,3,1,1,1,4,4
178,2,2,1,3,0,4,3
179,1,2,1,2,2,4,2
180,0,0,4,3,0,0,0
181,1,1,0,4,0,0,1
182,4,1,2,1,3,3,1
183,4,1,0,0,0,3,3
184,4,1,4,4,0,2,1
185,3,2,0,1,0,4,0
186,2,3,0,1,1,1,0
187,1,0,2,1,4,4,2
188,2,4,1,4,4,4,1
189,4,4,2,0,3,1,3
190,3,3,1,0,2,2,0
191,2,4,2,2,4,1,1
192,3,1,0,0,0,0,2
193,0,0,4,2,2,3,1
194,4,0,4,3,4,2,2
195,2,3,1,1,0,0,1
196,3,2,3,4,1,3,0
197,0,2,0,0,4,4,3
198,0,4,0,0,2,1,2
199,0,2,1,1,3,0,1
200,4,3,3,4,3,0,3
201,1,3,0,0,1,0,0
202,1,0,0,2,2,0,1
203,3,0,4,0,0,2,3
204,2,1,0,0,2,4,1
205,1,0,2,0,1,4,1
206,1,0,0,2,0,0,1
207,1,0,0,1,0,0,4
208,3,1,2,3,1,4,0
209,1,0,0,3,2,0,0
210,4,3,3,4,3,0,0
211,4,4,0,4,0,2,0
212,1,1,0,0,1,2,3
213,2,3,0,3,3,2,1
214,4,0,3,0,0,4,4
215,1,2,1,0,2,0,2
216,3,1,0,2,4,3,0
217,1,0,1,1,2,0,1
218,0,0,3,4,0,4,0
219,4,0,0,3,3,0,2
220,2,1,2,3,0,4,4
221,2,0,0,0,3,1,1
222,3,1,3,1,0,1,0
223,1,0,4,2,1,3,4
224,2,1,3,2,1,3,2
225,2,1,0,0,0,2,3
226,1,3,0,4,3,2,1
227,2,1,0,1,0,3,3
228,2,4,0,0,4,1,4
229,1,0,0,4,1,4,2
230,3,0,1,0,4,4,3
231,4,1,2,3,2,2,1
232,2,3,2,1,1,3,1
233,0,2,1,4,0,0,3
234,1,2,0,1,2,4,1
235,4,0,3,0,2,1,0
236,2,1,0,2,2,3,1
237,0,1,0,0,4,0,4
238,2,2,3,0,1,4,0
239,0,2,3,1,3,0,3
240,1,4,0,1,1,2,4
241,2,3,3,3,0,0,4
242,3,0,1,2,4,0,0
243,1,0,1,1,1,4,4
244,3,1,3,0,0,4,3
245,4,1,3,4,0,1,1
246,1,2,3,3,0,4,0
247,3,3,3,0,4,3,0
248,0,2,3,1,0,4,0
249,4,3,2,4,1,3,1
250,1,4,3,2,4,4,1
251,3,2,4,2,2,1,3
252,0,0,2,0,3,2,4
253,0,0,4,0,0,0,1
254,3,0,2,0,0,2,4
255,4,4,1,0,2,0,0
256,2,0,0,3,4,1,4
257,2,1,0,4,4,4,2
258,0,1,0,2,4,1,1
259,2,3,0,4,0,4,2
260,1,4,0,0,4,4,0
261,2,1,0,1,4,3,4
262,0,1,0,4,3,4,1
263,2,0,2,1,1,1,3
264,2,4,4,0,3,4,1
265,4,4,2,3,3,4,1
266,4,3,1,4,1,3,1
267,3,3,0,2,3,2,2
268,1,3,4,3,4,2,1
269,1,0,0,1,1,4,1
270,1,1,2,3,2,1,0
271,4,1,2,4,2,4,2
272,3,0,4,4,2,0,4
273,0,4,3,0,4,4,0
274,3,0,2,4,1,0,1
275,2,4,3,4,2,0,0
276,2,0,4,4,3,3,0
277,2,0,4,3,0,4,2
278,3,1,2,3,2,3,0
279,0,0,3,1,2,1,1
280,2,0,0,3,4,0,1
281,1,0,0,4,1,2,3
282,0,0,0,3,0,4,4
283,0,4,0,4,1,2,1
284,2,3,4,2,0,3,3
285,2,4,1,4,0,1,3
286,1,0,0,0,3,0,1
287,2,0,4,1,1,0,0
288,3,0,0,0,2,1,1
289,0,0,1,1,0,0,0
290,0,2,3,2,0,3,0
291,4,0,1,4,4,3,2
292,2,0,4,4,2,0,3
293,0,0,1,4,2,3,1
294,3,3,0,1,0,4,1
295,2,3,2,3,1,0,4
296,3,0,4,3,2,3,1
297,4,0,2,0,2,4,0
298,1,0,0,0,4,1,1
299,2,3,1,0,2,0,1
300,1,4,2,4,3,3,0
301,1,3,1,3,3,3,1
302,1,0,0,0,1,3,2
303,4,0,1,4,0,2,4
304,0,0,0,0,0,1,3
305,2,4,1,1,3,1,0
306,1,1,0,3,4,1,1
307,2,3,1,3,0,0,3
308,0,2,0,0,2,1,3
309,2,0,0,2,0,0,1
310,4,1,2,4,3,0,3
311,2,3,0,2,3,2,2
312,3,2,2,2,2,0,0
313,4,0,1,4,0,1,3
314,4,4,0,3,4,2,1
315,3,3,0,0,2,0,1
316,1,4,1,1,3,3,3
317,1,0,3,2,4,4,1
318,0,0,0,4,4,0,1
319,3,2,3,2,1,0,2
320,4,0,1,0,4,3,2
321,1,3,4,2,0,1,4
322,3,0,3,0,3,0,1
323,2,0,3,2,1,3,4
324,2,0,0,0,4,1,4
325,0,3,0,0,2,2,2
326,4,3,1,2,4,0,2
327,1,1,0,4,1,3,0
328,1,1,2,1,0,2,3
329,4,1,4,1,4,1,2
330,1,0,0,0,0,0,1
331,2,3,3,0,2,3,4
332,0,1,0,2,0,0,0
333,1,1,4,0,4,0,2
334,4,1,1,4,2,0,2
335,4,2,0,3,4,1,0
336,1,0,2,0,0,3,0
337,2,4,1,1,0,1,0
338,1,3,1,1,1,3,4
339,0,0,2,3,0,1,0
340,2,0,3,0,2,0,0
341,3,3,4,1,0,2,2
342,4,0,3,3,1,4,0
343,4,2,0,0,0,1,4
344,3,0,0,0,2,3,2
345,1,0,1,3,1,3,3
346,2,3,2,2,1,4,3
347,4,3,2,4,0,3,4
348,1,2,3,1,0,4,1
349,4,4,4,1,4,2,4
350,2,1,4,2,3,3,3
351,2,3,0,1,3,2,4
352,1,1,0,4,1,1,4
353,1,0,0,0,0,1,2
354,0,2,1,0,3,2,4
355,2,2,1,0,2,3,1
356,1,0,2,1,0,4,1
357,2,3,2,0,1,3,3
358,4,3,3,1,2,4,2
359,0,3,2,1,1,1,4
360,2,4,0,1,4,2,2
361,0,4,3,2,1,1,2
362,4,0,1,1,0,3,2
363,4,4,0,4,2,4,4
364,1,0,0,1,0,4,1
365,1,3,0,1,1,2,0
366,4,0,0,4,1,1,4
367,3,3,0,4,0,1,0
368,0,0,1,0,3,1,0
369,1,0,3,3,1,0,0
370,4,3,0,1,1,3,0
371,1,0,1,2,0,2,0
372,4,3,2,4,3,0,0
373,1,3,4,1,0,2,2
374,3,0,0,2,0,0,1
375,1,1,0,1,1,1,1
376,2,3,2,4,0,2,0
377,2,0,0,1,4,0,0
378,0,1,0,3,2,3,0
379,3,4,3,3,2,1,0
380,3,2,3,3,3,0,1
381,3,0,4,2,0,0,3
382,0,4,1,1,4,0,3
383,2,0,1,2,0,0,1
384,3,3,2,4,1,2,2
385,3,3,2,3,4,4,0
386,0,3,3,3,3,4,3
387,3,3,0,0,2,0,3
388,1,3,1,3,4,3,0
389,1,4,1,1,1,0,3
390,3,1,1,4,3,4,4
391,2,1,0,2,4,2,3
392,0,2,3,0,3,2,1
393,3,1,4,3,1,2,2
394,2,2,4,0,1,2,1
395,0,1,2,1,3,1,1
396,1,1,0,1,1,2,3
397,1,4,2,0,2,3,2
398,3,2,0,1,3,1,4
399,2,3,3,3,0,2,0
400,1,2,1,4,0,3,0
401,3,3,0,2,1,4,1
402,3,2,2,4,4,4,1
403,0,0,0,0,2,2,2
404,0,4,3,0,0,3,4
405,1,0,3,0,3,3,2
406,4,2,0,0,3,4,0
407,0,0,2,4,0,2,2
408,2,3,3,2,1,0,1
409,0,4,0,3,2,2,0
410,3,2,4,1,0,4,3
411,4,0,0,0,0,4,2
412,2,0,1,3,2,0,3
413,1,0,0,2,3,2,2
414,4,0,3,2,0,2,0
415,0,2,3,0,1,4,0
416,2,2,3,1,0,2,4
417,1,1,1,1,2,0,3
418,3,0,1,0,3,2,1
419,0,2,0,4,4,0,0
420,2,1,3,3,3,1,1
421,4,3,1,4,1,0,0
422,4,3,0,0,0,1,1
423,4,4,1,3,4,0,2
424,0,0,2,0,2,0,0
425,1,0,0,3,4,0,1
426,0,4,2,2,1,3,2
427,4,2,1,3,1,0,1
428,4,0,4,0,1,3,0
429,2,3,1,0,3,0,3
430,2,2,4,0,0,3,0
431,1,3,1,3,4,1,0
432,0,2,0,1,4,0,1
433,4,0,0,1,4,4,1
434,1,0,0,1,0,1,2
435,3,0,0,3,0,1,4
436,2,0,0,0,1,2,4
437,0,0,2,1,2,4,1
438,1,2,4,0,3,1,0
439,3,0,3,0,2,3,3
440,1,2,4,3,1,2,0
441,4,4,0,0,0,1,4
442,1,4,1,1,1,0,0
443,1,4,0,3,0,4,1
444,4,3,0,0,2,4,0
445,1,0,3,4,4,4,0
446,3,4,4,2,1,2,0
447,4,3,4,1,2,0,1
448,3,2,4,0,2,4,1
449,0,3,1,4,1,0,2
450,1,4,1,0,0,0,1
451,0,1,4,0,0,3,4
452,2,1,4,1,0,2,0
453,1,1,3,4,3,1,2
454,1,0,2,4,1,2,2
455,2,3,0,1,2,1,2
456,1,1,3,1,2,2,0
457,0,4,0,0,2,1,2
458,2,2,3,0,4,3,1
459,1,4,0,0,1,0,2
460,3,3,0,4,0,0,2
461,0,3,2,4,3,4,3
462,0,2,0,0,1,4,0
463,1,0,4,1,4,1,4
464,1,4,3,4,4,1,1
465,0,4,0,0,2,2,0
466,1,4,0,0,4,3,2
467,4,1,4,2,1,2,2
468,1,0,1,1,0,0,3
469,3,0,1,0,3,3,3
470,1,0,1,3,0,1,2
471,3,1,1,3,0,1,1
472,1,3,1,4,1,3,1
473,0,4,0,3,1,2,3
474,1,2,2,2,2,1,0
475,1,1,3,0,3,4,3
476,0,1,3,0,4,2,2
477,0,4,1,4,3,0,0
478,2,0,3,3,1,4,1
479,1,1,3,4,1,4,2
480,1,0,2,0,3,0,4
481,4,3,0,1,0,2,4
482,0,0,0,1,1,2,0
483,3,4,1,0,4,3,1
484,4,2,3,2,3,3,0
485,3,0,4,4,0,0,1
486,0,1,4,0,0,1,4
487,0,0,1,2,2,3,0
488,2,1,1,0,2,1,2
489,4,4,4,0,2,3,3
490,4,1,4,2,4,0,4
491,2,3,2,1,3,3,2
492,1,1,0,0,4,3,0
493,3,3,3,2,0,4,3
494,3,1,0,4,1,4,3
495,4,3,1,0,3,4,0
496,1,0,0,0,4,0,0
497,2,0,0,1,3,4,0
498,3,0,1,3,1,4,1
499,1,3,4,2,1,3,2
500,4,4,0,0,4,4,0
501,2,0,1,0,4,0,2
502,2,0,0,2,0,3,4
503,4,1,1,0,0,3,3
504,3,2,3,0,4,2,3
505,0,3,3,1,0,4,4
506,4,4,3,4,3,3,0
507,2,0,0,2,1,0,0
508,2,1,0,1,0,1,0
509,3,3,0,1,2,4,0
510,3,0,1,0,2,4,0
511,2,4,3,2,4,1,0
512,4,2,4,0,2,1,2
513,4,2,0,0,4,3,0
514,2,1,0,0,3,0,4
515,3,0,4,2,0,0,2
516,3,0,0,0,0,1,0
517,3,1,4,3,0,0,3
518,1,4,1,0,4,4,4
519,0,3,3,2,1,4,0
520,4,4,3,4,0,4,4
521,0,4,3,1,3,2,3
522,1,0,0,4,0,0,2
523,2,4,0,0,1,0,0
524,3,1,2,3,3,3,0
525,3,0,0,0,0,3,4
526,2,4,0,0,0,3,1
527,3,2,3,1,1,4,4
528,2,1,3,1,3,1,1
529,0,0,0,2,2,0,0
530,2,2,0,1,0,0,0
531,1,3,3,0,2,3,1
532,1,1,3,1,3,1,4
533,2,0,2,3,1,3,4
534,1,1,4,3,1,0,2
535,2,3,4,4,0,1,4
536,1,4,4,4,0,1,1
537,4,2,4,3,1,0,1
538,2,4,0,1,3,0,2
539,1,0,1,0,4,0,4
540,1,4,4,3,3,4,4
541,2,4,2,1,3,3,4
542,1,4,3,3,0,4,2
543,4,4,1,0,0,3,3
544,0,1,0,4,3,1,4
545,0,4,0,2,0,4,3
546,2,2,1,3,0,4,0
547,1,2,0,4,3,0,3
548,2,0,4,1,0,4,1
549,1,2,2,1,0,0,4
550,1,0,0,1,0,4,0
551,2,0,2,3,1,0,1
552,1,4,3,0,4,3,1
553,4,0,0,3,4,0,0
554,0,2,3,3,2,4,4
555,2,0,0,3,3,4,4
556,3,1,1,0,0,3,1
557,4,0,1,0,0,2,3
558,4,2,0,4,4,1,2
559,0,1,0,3,1,3,2
560,1,1,3,0,2,0,3
561,2,0,0,4,3,2,1
562,2,4,3,3,0,1,1
563,0,1,4,4,2,0,2
564,3,0,0,1,2,1,4
565,2,4,0,2,0,2,1
566,1,2,2,4,1,4,0
567,0,0,0,0,1,3,0
568,2,0,1,1,1,4,3
569,4,1,1,2,0,3,1
570,3,4,0,1,2,0,1
571,1,3,3,2,2,1,0
572,0,2,1,0,2,1,3
573,2,2,2,4,1,3,3
574,4,4,4,3,2,2,1
575,0,0,0,0,2,3,4
576,3,2,3,4,3,4,3
577,3,0,2,2,3,0,1
578,2,0,4,0,1,3,0
579,3,3,1,3,1,0,4
580,1,4,3,3,3,2,0
581,4,3,4,0,3,0,1
582,4,0,0,4,2,0,3
583,1,2,3,1,2,0,4
584,4,1,1,0,1,0,2
585,3,3,0,2,0,4,0
586,4,3,3,0,3,2,0
587,3,3,0,3,1,2,1
588,3,0,4,0,0,3,0
589,2,4,2,3,0,2,0
590,4,1,2,0,2,2,0
591,4,4,2,1,0,0,1
592,3,0,4,1,2,1,3
593,1,2,3,4,1,4,0
594,1,4,1,1,1,0,1
595,3,2,0,0,0,0,0
596,0,1,0,3,0,3,3
597,4,1,2,1,4,0,1
598,0,3,4,4,0,2,3
599,1,1,3,1,2,0,1
600,0,2,0,4,3,4,4
601,0,3,2,1,4,0,1
602,2,0,0,4,4,0,3
603,1,1,4,0,3,0,0
604,4,1,0,2,1,3,0
605,2,0,0,4,0,2,1
606,3,4,4,1,1,0,0
607,0,2,0,0,3,1,0
608,4,3,4,1,4,2,4
609,1,0,3,1,4,4,4
610,1,1,3,0,3,0,3
611,2,0,1,1,4,3,2
612,3,2,4,0,0,0,2
613,0,3,1,1,2,1,1
614,3,1,3,1,1,3,1
615,0,0,4,4,3,0,0
616,2,3,3,1,0,3,4
617,1,0,4,1,3,0,3
618,1,4,4,0,3,4,1
619,0,0,2,1,1,0,1
620,4,4,0,1,0,2,2
621,1,0,2,1,0,3,3
622,2,4,1,0,4,0,1
623,4,0,1,0,0,4,2
624,1,3,1,2,1,0,3
625,4,1,4,0,0,0,2
626,2,1,3,3,2,3,0
627,2,4,0,3,2,0,0
628,1,3,4,1,0,1,2
629,0,1,2,1,0,1,4
630,1,2,3,3,1,1,4
631,1,0,3,2,0,4,3
632,2,2,1,4,1,1,1
633,1,2,0,1,2,0,3
634,4,0,0,4,0,0,4
635,2,0,2,2,4,3,0
636,3,4,0,3,1,1,4
637,2,0,0,0,1,1,2
638,1,0,3,2,0,0,3
639,3,0,3,3,1,1,2
640,3,3,0,3,3,0,0
641,0,4,3,2,4,4,1
642,0,4,2,2,4,2,0
643,0,2,0,0,3,3,3
644,0,1,1,2,1,4,2
645,0,2,4,4,0,0,0
646,0,3,0,0,1,2,1
647,3,3,2,3,0,3,3
648,0,3,1,4,3,0,3
649,1,3,3,3,2,1,3
650,2,3,2,4,0,3,0
651,3,4,0,4,0,3,3
652,1,2,3,4,1,4,0
653,4,1,0,3,4,4,0
654,4,0,4,1,1,1,0
655,3,0,0,4,1,0,2
656,3,1,3,3,4,0,3
657,0,3,1,1,4,4,2
658,2,3,1,4,2,0,3
659,2,2,4,3,3,4,0
660,2,0,2,0,1,2,2
661,2,3,0,0,2,0,0
662,0,0,3,1,3,0,2
663,1,4,0,3,0,0,1
664,3,0,0,4,3,2,2
665,2,0,0,3,0,0,1
666,1,0,3,0,2,0,0
667,2,0,0,1,0,3,2
668,2,2,2,0,4,0,0
669,4,4,0,2,0,0,3
670,2,4,0,3,0,0,2
671,2,0,4,0,0,1,1
672,3,3,1,4,3,0,4
673,0,0,4,1,4,2,1
674,0,0,0,1,1,0,4
675,0,3,2,4,3,0,1
676,0,2,1,0,0,3,2
677,2,2,2,0,0,3,4
678,0,4,1,0,4,1,0
679,1,2,2,2,1,1,3
680,3,2,2,1,3,0,2
681,3,3,4,0,2,1,0
682,1,0,1,2,3,1,4
683,4,3,0,1,1,0,4
684,0,4,4,2,1,0,1
685,1,0,0,0,4,3,3
686,3,2,0,4,2,0,0
687,0,2,4,0,2,1,1
688,4,3,4,0,0,2,1
689,1,1,4,4,1,3,1
690,2,2,0,0,2,1,0
691,1,0,4,4,2,3,2
692,2,0,1,0,4,4,1
693,0,2,2,3,0,4,3
694,0,3,3,1,0,3,1
695,3,2,4,3,0,0,0
696,1,3,3,2,2,0,1
697,0,4,0,1,3,4,4
698,3,1,3,1,2,0,0
699,2,0,1,0,0,1,1
700,2,0,3,4,0,0,1
701,1,4,2,2,4,1,4
702,4,3,2,2,4,2,4
703,0,1,4,0,0,1,4
704,1,3,3,3,1,1,4
705,1,3,0,0,4,0,4
706,1,3,2,0,2,0,4
707,0,2,1,2,1,0,4
708,1,2,0,1,2,0,3
709,0,0,4,4,1,3,0
710,3,2,1,4,2,2,0
711,3,0,1,3,1,1,3
712,0,2,2,3,4,1,3
713,0,4,0,3,2,3,4
714,3,0,4,1,2,3,3
715,4,2,0,4,4,0,4
716,3,0,0,2,4,1,0
717,2,2,4,0,0,4,2
718,3,1,4,0,1,3,1
719,0,0,3,3,1,3,1
720,1,3,0,3,1,4,0
721,4,3,1,0,3,4,4
722,4,4,2,0,2,4,1
723,3,1,4,0,0,2,4
724,1,3,4,1,2,0,2
725,4,0,0,3,2,4,4
726,1,1,3,4,4,4,4
727,0,3,3,2,0,0,2
728,4,1,0,3,1,3,3
729,3,0,0,3,3,3,1
730,2,3,4,0,3,3,1
731,4,4,1,2,4,0,1
732,1,0,4,1,3,0,0
733,3,3,1,3,1,1,2
734,2,0,1,3,1,0,3
735,2,2,2,0,1,4,1
736,2,3,4,4,0,1,3
737,1,1,0,3,3,2,0
738,2,2,3,1,4,1,0
739,1,2,2,0,4,0,0
740,4,3,4,0,0,3,1
741,2,3,4,0,3,0,0
742,3,3,2,2,3,0,2
743,2,1,0,2,2,0,0
744,0,4,4,1,0,2,0
745,0,3,3,4,0,1,0
746,3,0,4,0,4,1,4
747,4,4,0,0,4,4,0
748,2,0,0,0,4,4,0
749,0,3,0,0,1,2,3
750,3,1,2,0,1,3,1
751,1,0,3,1,0,4,2
752,0,0,1,0,1,2,2
753,4,0,3,2,0,4,3
754,0,2,3,3,0,1,2
755,4,3,1,3,4,1,4
756,1,3,0,0,4,3,0
757,4,1,0,1,0,0,3
758,0,2,3,1,0,0,3
759,2,1,3,0,1,1,0
760,3,0,0,0,2,1,4
761,4,3,2,4,4,4,0
762,0,4,0,2,4,3,0
763,3,4,1,1,3,4,3
764,3,4,0,2,4,4,1
765,0,0,4,0,2,3,2
766,2,4,3,2,0,2,3
767,1,1,0,0,2,4,1
768,2,0,3,4,3,2,1
769,0,3,2,0,0,0,2
770,4,3,0,3,0,4,2
771,2,2,1,0,2,0,3
772,1,4,4,4,0,0,3
773,3,0,1,3,2,1,0
774,3,0,0,3,0,1,0
775,3,1,4,0,3,0,0
776,1,0,0,4,3,4,1
777,1,4,0,4,1,1,0
778,2,1,3,0,2,2,0
779,0,0,3,4,2,2,3
780,3,1,4,3,3,3,1
781,1,2,0,2,4,3,2
782,4,2,0,1,3,4,0
783,0,3,4,4,3,0,4
784,3,1,4,3,4,0,2
785,0,4,0,4,4,4,2
786,0,0,4,4,4,0,0
787,1,3,3,0,2,3,1
788,0,1,2,3,3,0,4
789,4,4,1,3,1,0,3
790,4,3,4,4,4,3,0
791,4,2,0,0,4,2,0
792,2,4,2,1,0,2,0
793,1,3,0,3,0,3,1
794,4,0,1,1,4,1,3
795,1,2,2,4,4,0,3
796,4,4,3,1,4,1,3
797,1,4,1,2,4,4,0
798,4,3,0,0,2,0,0
799,4,4,1,2,3,1,2
800,3,3,4,3,0,0,0
801,1,3,1,1,2,2,1
802,0,1,2,0,0,2,0
803,3,0,3,1,2,4,4
804,3,1,4,3,2,4,3
805,1,0,0,1,4,3,2
806,1,0,4,4,0,3,4
807,2,2,4,2,2,0,0
808,4,0,3,0,4,0,1
809,3,1,3,0,2,1,2
810,0,4,0,3,1,2,3
811,0,3,0,3,2,0,0
812,1,3,1,4,1,3,2
813,1,0,1,2,0,4,3
814,4,0,4,1,1,0,1
815,3,3,2,0,1,3,1
816,1,0,0,1,0,1,4
817,2,4,3,3,2,0,1
818,2,3,1,4,2,4,0
819,3,2,3,3,3,3,2
820,3,0,1,3,1,2,1
821,4,4,4,4,4,3,1
822,3,3,1,3,2,0,4
823,0,4,0,0,3,0,4
824,2,4,0,2,0,3,0
825,4,0,1,1,1,3,3
826,3,3,0,0,4,2,4
827,4,0,1,2,2,0,0
828,2,2,2,0,1,2,1
829,4,0,4,0,1,2,0
830,0,1,2,3,0,0,0
831,4,0,4,0,2,2,1
832,0,0,2,1,1,1,0
833,4,0,4,3,0,4,4
834,2,2,4,2,0,0,1
835,4,4,0,0,0,1,2
836,4,4,1,0,3,0,2
837,4,0,4,2,2,2,0
838,3,0,1,4,0,0,2
839,2,2,4,4,2,0,3
840,0,2,1,4,2,0,1
841,0,0,1,3,4,3,0
842,1,2,3,0,0,1,2
843,1,4,3,4,1,3,1
844,3,3,1,4,0,0,0
845,2,3,1,3,0,4,0
846,4,0,0,0,0,1,0
847,0,2,3,0,4,3,3
848,1,4,2,1,4,2,3
849,3,2,0,4,4,1,3
850,1,0,3,2,1,3,0
851,0,3,4,0,1,0,3
852,1,0,2,3,0,3,1
853,4,4,2,1,1,0,0
854,3,0,4,1,4,4,3
855,4,0,2,0,1,0,1
856,2,4,2,2,0,0,4
857,1,2,4,2,3,3,4
858,3,4,0,0,4,1,1
859,0,4,3,1,3,4,3
860,2,3,3,3,1,0,2
861,2,2,2,0,4,0,2
862,4,2,0,1,1,3,0
863,1,3,3,1,0,0,1
864,0,2,2,1,3,4,2
865,1,1,1,2,0,1,0
866,1,0,1,3,3,4,2
867,1,0,0,0,0,0,2
868,1,0,3,1,4,0,1
869,1,3,0,1,1,3,1
870,0,3,0,0,0,4,1
871,0,0,0,4,2,0,0
872,2,0,4,0,4,4,1
873,2,1,4,4,0,0,3
874,2,2,0,2,3,2,2
875,1,0,4,1,0,1,4
876,1,3,0,1,2,1,0
877,0,1,2,3,3,3,0
878,4,2,2,1,0,3,0
879,2,0,3,2,0,3,0
880,3,0,0,3,2,4,0
881,1,0,1,1,4,1,4
882,4,0,3,3,0,2,1
883,1,1,0,4,4,1,1
884,4,4,2,4,3,1,1
885,3,0,0,3,4,0,0
886,4,3,4,0,0,3,0
887,0,0,0,2,0,2,3
888,4,1,4,1,0,3,0
889,3,0,2,0,0,4,0
890,4,4,2,1,1,1,1
891,2,0,2,1,0,2,1
892,1,3,0,0,2,0,1
893,3,2,0,4,3,1,0
894,3,0,2,0,3,1,4
895,4,4,0,2,1,2,0
896,3,2,2,4,4,2,1
897,4,2,2,3,2,0,0
898,3,2,4,0,1,1,1
899,4,1,3,4,3,1,1
900,4,0,4,3,4,0,2
901,2,4,1,1,0,3,0
902,2,0,0,1,3,3,2
903,1,2,0,1,0,4,4
904,1,0,2,3,1,4,1
905,1,2,1,1,2,0,2
906,2,0,0,1,3,4,0
907,4,0,2,0,3,3,0
908,1,2,0,0,2,3,2
909,2,1,1,0,1,1,3
910,3,1,2,4,4,1,4
911,3,2,0,0,1,1,3
912,0,0,3,2,2,1,2
913,3,1,0,4,0,4,1
914,3,3,4,0,2,4,1
915,2,0,3,0,3,0,1
916,1,2,1,1,4,2,3
917,1,0,2,3,4,0,2
918,4,4,0,4,3,1,0
919,3,4,1,0,3,0,1
920,0,4,3,0,4,1,1
921,0,0,4,4,1,0,2
922,0,1,0,3,2,1,4
923,4,3,1,1,0,0,2
924,2,0,3,3,3,3,1
925,1,4,0,1,4,3,0
926,1,3,4,4,0,4,2
927,1,0,4,3,3,1,3
928,0,0,0,2,0,4,4
929,3,0,0,0,1,1,0
930,3,4,1,1,0,1,0
931,0,0,1,4,1,0,4
932,4,0,1,3,1,4,0
933,0,1,3,3,0,4,2
934,4,0,0,2,2,2,1
935,1,4,0,1,1,0,3
936,3,1,0,1,1,1,0
937,1,3,1,4,4,0,0
938,4,2,4,1,4,2,1
939,3,3,1,4,4,1,4
940,0,3,2,4,0,1,2
941,4,3,0,2,2,1,3
942,2,3,2,0,4,1,1
943,1,2,0,2,0,2,2
944,1,4,1,0,4,0,1
945,1,3,0,0,2,1,1
946,3,3,3,2,4,0,1
947,1,4,1,2,0,1,1
948,3,4,1,2,4,4,2
949,3,0,0,0,0,4,1
950,1,3,0,4,3,3,1
951,1,0,2,4,1,2,4
952,1,0,0,3,4,0,2
953,2,1,3,2,0,0,4
954,2,0,0,3,2,2,4
955,4,3,0,2,1,2,2
956,1,3,2,1,2,4,1
957,1,3,1,3,2,4,3
958,1,1,1,4,3,0,1
959,2,0,3,2,4,3,4
960,2,4,0,4,0,1,0
961,2,0,3,1,3,1,0
962,3,3,2,2,2,0,0
963,4,1,2,0,0,1,1
964,1,1,0,2,0,0,3
965,1,3,0,0,3,0,3
966,4,2,1,3,0,1,2
967,3,3,1,0,0,0,3
968,1,4,2,1,3,3,3
969,1,2,0,1,2,1,1
970,3,1,2,0,0,0,3
971,2,4,3,1,0,1,0
972,0,3,1,0,0,3,1
973,4,4,4,4,4,3,0
974,1,1,4,2,1,3,0
975,0,3,3,0,1,3,1
976,2,1,0,1,0,4,3
977,2,4,0,4,0,3,2
978,2,4,1,1,0,2,0
979,3,2,4,1,0,0,0
980,1,4,3,1,4,3,4
981,3,2,4,2,0,2,0
982,0,0,0,3,1,3,0
983,1,3,0,2,3,0,0
984,4,4,3,3,2,2,1
985,1,3,4,4,1,0,3
986,2,4,4,2,3,0,1
987,3,0,2,2,3,0,3
988,4,3,2,0,4,2,0
989,2,2,0,0,4,0,4
990,1,3,1,0,0,2,4
991,0,3,1,3,0,3,3
992,1,3,4,0,3,1,0
993,1,0,4,4,1,1,3
994,2,0,4,1,3,2,3
995,1,0,1,1,3,1,4
996,1,0,0,1,1,2,0
997,1,1,0,0,0,0,0
998,1,1,2,3,2,4,4
999,3,4,3,2,3,3,0
1000,3,0,2,3,3,0,2
1001,1,1,2,4,2,1,0
1002,0,0,3,0,1,0,2
1003,2,0,2,4,4,0,1
1004,4,3,4,2,4,4,0
1005,2,4,2,4,2,4,4
1006,1,3,4,1,0,0,2
1007,0,0,0,4,1,1,2
1008,0,0,2,2,1,3,1
1009,4,3,0,3,0,3,0
1010,1,1,1,1,1,3,1
1011,2,1,1,2,1,1,0
1012,2,0,1,1,1,3,4
1013,2,0,1,4,3,3,2
1014,0,0,2,2,1,4,0
1015,4,3,2,0,3,4,1
1016,2,4,3,4,0,2,3
1017,1,0,0,2,0,0,0
1018,1,1,1,4,4,2,4
1019,2,0,3,2,4,1,0
1020,0,0,0,0,0,3,0
1021,4,1,0,0,0,2,4
1022,2,0,3,3,0,0,1
1023,0,1,2,1,3,4,0
1024,2,2,0,3,0,2,2
1025,3,2,3,0,0,1,4
1026,0,0,0,0,4,1,2
1027,2,0,1,3,1,0,1
1028,2,3,3,2,2,0,3
1029,1,0,4,2,3,3,0
1030,1,3,4,2,3,0,4
1031,3,0,3,0,0,2,2
1032,2,0,3,0,3,0,1
1033,3,3,1,0,1,3,1
1034,0,3,1,2,3,3,4
1035,3,3,3,0,3,1,1
1036,2,3,1,3,3,3,0
1037,1,4,4,3,2,2,3
1038,3,3,1,1,0,3,0
1039,4,2,0,4,4,1,4
1040,0,4,4,0,1,1,4
1041,4,1,2,3,0,0,4
1042,3,2,3,0,3,1,3
1043,0,3,0,3,0,2,0
1044,1,2,4,2,3,3,1
1045,2,4,4,4,4,1,3
1046,2,0,0,3,2,3,2
1047,0,0,3,4,1,3,2
1048,3,4,1,1,0,1,4
1049,4,3,1,0,4,1,3
1050,0,3,1,0,1,4,3
1051,3,3,0,1,1,4,0
1052,1,0,1,2,2,0,1
1053,4,3,4,4,2,2,3
1054,3,3,2,3,3,3,0
1055,2,2,1,3,2,4,0
1056,3,1,0,0,2,3,0
1057,2,0,0,0,1,0,1
1058,1,4,1,2,3,3,1
1059,0,1,0,0,2,1,4
1060,0,4,2,3,1,1,1
1061,3,2,1,4,1,2,1
1062,0,0,4,0,4,1,4
1063,1,4,4,1,3,4,2
1064,1,0,2,0,0,1,3
1065,1,4,0,3,2,1,0
1066,2,2,0,3,2,3,3
1067,2,0,0,2,1,4,0
1068,1,0,3,1,1,2,0
1069,1,4,0,0,0,0,2
1070,4,2,0,0,3,1,1
1071,1,3,4,3,1,4,2
1072,3,4,2,1,3,0,4
1073,0,1,3,4,1,0,1
1074,3,0,3,1,3,3,1
1075,4,1,1,1,1,0,1
1076,4,2,3,4,3,2,4
1077,4,4,0,0,0,3,0
1078,1,1,3,1,2,2,3
1079,4,0,1,3,0,2,1
1080,2,2,2,1,2,0,1
1081,0,2,0,1,1,4,4
1082,1,4,0,0,2,1,4
1083,0,0,1,4,0,2,1
1084,4,3,1,1,0,2,3
1085,1,3,2,0,1,0,4
1086,1,0,3,3,2,0,4
1087,4,3,0,3,3,4,4
1088,3,0,2,2,1,1,3
1089,0,2,0,4,0,1,1
1090,4,0,0,3,3,0,2
1091,4,3,2,1,4,0,0
1092,1,1,4,1,3,0,4
1093,3,4,0,3,0,0,4
1094,2,0,0,1,1,0,1
1095,2,4,3,1,2,0,4
1096,1,4,4,2,0,0,3
1097,2,1,2,1,3,0,1
1098,4,4,1,3,3,2,0
1099,1,0,0,2,3,0,1
1100,0,2,0,3,4,2,4
1101,2,1,3,4,1,2,1
1102,1,1,0,1,1,1,1
1103,4,2,4,4,2,0,0
1104,2,4,2,3,0,3,1
1105,4,0,4,1,0,4,3
1106,2,0,2,3,0,3,3
1107,2,0,0,3,0,4,2
1108,2,2,0,0,3,0,2
1109,3,0,2,3,1,1,2
1110,4,1,2,0,4,0,0
1111,0,2,1,0,1,1,4
1112,2,3,2,0,1,2,4
1113,3,3,3,3,1,3,3
1114,3,4,1,4,1,3,2
1115,4,1,0,4,2,2,1
1116,3,4,1,4,4,2,0
1117,0,0,4,4,3,1,3
1118,1,4,0,1,1,0,0
1119,3,3,0,4,4,1,0
1120,2,2,0,0,0,3,2
1121,4,2,0,3,1,2,2
1122,3,0,3,2,1,0,4
1123,4,1,4,1,1,0,2
1124,0,0,1,0,1,4,3
1125,2,2,1,3,0,0,4
1126,0,3,3,1,4,0,3
1127,0,0,2,1,0,2,2
1128,3,1,2,4,2,4,0
1129,1,4,0,1,0,1,4
1130,0,3,0,0,4,2,3
1131,4,0,2,4,0,0,1
1132,1,3,3,1,0,0,0
1133,0,4,4,4,0,4,3
1134,1,4,4,1,2,0,0
1135,3,2,1,1,1,1,0
1136,1,2,0,1,0,2,1
1137,0,0,3,4,1,4,0
1138,1,1,1,0,0,0,0
1139,3,3,1,3,1,1,0
1140,3,0,2,0,0,1,0
1141,4,3,4,4,0,3,3
1142,3,0,2,0,2,2,2
1143,2,3,1,3,1,4,4
1144,2,1,2,4,0,0,1
1145,2,4,4,2,4,2,0
1146,0,4,3,0,3,0,0
1147,0,4,3,2,0,0,0
1148,0,3,4,4,4,0,2
1149,1,2,0,0,2,0,4
1150,0,0,0,2,2,0,0
1151,2,1,2,4,0,0,4
1152,4,3,0,1,0,3,0
1153,1,2,0,2,0,3,0
1154,0,1,0,3,3,2,4
1155,1,3,2,3,2,2,3
1156,4,3,2,0,0,1,4
1157,2,4,1,4,4,4,1
1158,1,1,1,4,1,0,0
1159,4,2,0,0,4,0,1
1160,0,4,0,4,0,0,0
1161,3,0,1,2,0,2,1
1162,2,2,4,1,3,1,3
1163,2,0,4,3,2,3,0
1164,2,0,4,2,1,4,2
1165,4,1,2,2,3,1,0
1166,1,1,1,1,2,1,2
1167,0,0,1,0,2,3,4
1168,2,1,4,0,0,2,4
1169,1,0,4,2,0,2,2
1170,1,2,2,0,1,1,0
1171,4,4,2,0,1,2,1
1172,0,0,0,1,4,0,2
1173,4,4,3,4,1,1,1
1174,2,3,0,3,3,0,4
1175,3,2,0,4,3,0,1
1176,4,2,3,1,1,0,4
1177,0,3,2,2,4,1,4
1178,1,0,4,0,0,0,4
1179,2,3,1,1,1,0,1
1180,0,0,2,1,3,0,0
1181,0,2,3,0,4,0,2
1182,2,4,4,1,3,0,1
1183,4,0,1,0,3,1,0
1184,2,2,1,2,4,0,4
1185,1,4,3,0,3,4,4
1186,1,2,3,2,3,0,3
1187,1,3,4,4,1,4,3
1188,3,0,4,2,0,0,3
1189,3,0,1,3,0,3,3
1190,4,2,4,3,3,0,2
1191,1,3,0,0,2,2,4
1192,0,1,4,0,0,4,2
1193,4,2,2,1,4,4,2
1194,1,0,3,4,4,3,1
1195,3,0,1,0,1,1,0
1196,4,4,2,0,4,0,4
1197,2,3,4,0,1,0,2
1198,3,3,3,4,0,4,0
1199,1,0,1,0,4,2,0
1200,1,0,0,0,1,3,0
1201,3,1,3,1,2,1,0
1202,2,3,1,3,3,1,0
1203,3,0,0,4,3,3,4
1204,2,2,4,0,0,4,4
1205,1,2,0,2,2,2,1
1206,2,1,1,3,2,0,2
1207,1,4,0,2,4,3,4
1208,1,1,4,0,2,4,1
1209,0,0,0,2,3,2,0
1210,1,0,4,1,0,2,4
1211,1,3,3,4,0,0,3
1212,1,0,3,0,0,2,2
1213,2,0,0,4,2,3,1
1214,4,1,2,4,0,4,3
1215,3,1,4,1,4,1,0
1216,4,3,4,3,0,2,3
1217,3,0,1,0,2,3,3
1218,4,4,2,2,1,0,0
1219,4,1,1,0,2,3,1
1220,1,1,1,0,1,3,0
1221,0,1,0,4,4,0,1
1222,0,4,4,0,0,4,2
1223,1,2,3,1,0,4,4
1224,0,0,4,2,2,4,3
1225,1,3,2,3,0,0,3
1226,4,1,1,1,3,3,1
1227,4,3,3,2,2,3,2
1228,1,2,4,2,1,4,1
1229,2,2,0,4,1,4,0
1230,0,4,4,1,4,0,2
1231,3,1,3,3,1,1,2
1232,0,0,3,0,0,1,3
1233,2,3,0,1,3,1,3
1234,0,3,0,3,0,0,1
1235,4,4,2,4,0,4,1
1236,0,1,3,2,1,2,0
1237,2,1,1,2,0,3,1
1238,4,1,0,0,1,2,3
1239,1,4,0,2,0,2,1
1240,3,0,2,2,4,1,0
1241,1,2,0,2,4,1,3
1242,2,1,4,3,0,3,0
1243,3,0,3,1,0,1,1
1244,0,3,0,2,0,0,3
1245,4,3,4,2,4,1,2
1246,0,0,3,4,4,1,2
1247,1,2,3,4,4,0,0
1248,1,3,0,4,0,0,2
1249,3,4,0,2,0,3,2
1250,2,0,3,1,4,3,2
1251,3,4,1,2,1,4,4
1252,0,1,3,1,4,0,2
1253,2,4,0,2,4,3,4
1254,1,4,0,2,1,2,3
1255,4,1,2,4,2,3,4
1256,1,0,0,0,2,2,0
1257,4,3,0,1,1,1,0
1258,2,4,3,3,1,2,0
1259,3,0,3,3,1,3,4
1260,3,1,1,1,0,1,4
1261,2,4,0,2,0,4,3
1262,2,1,1,0,4,4,0
1263,3,0,3,1,0,3,0
1264,1,1,0,0,0,3,0
1265,4,1,1,1,3,3,2
1266,3,2,4,4,0,0,2
1267,4,2,1,0,1,0,4
1268,1,0,1,3,0,0,0
1269,2,3,0,4,0,3,4
1270,4,0,4,0,3,0,4
1271,3,0,0,2,3,4,3
1272,1,0,4,3,0,4,3
1273,3,0,0,1,0,3,3
1274,0,1,3,0,0,2,1
1275,2,4,0,4,3,0,1
1276,2,4,0,1,3,4,2
1277,0,0,3,2,2,0,1
1278,4,1,0,0,2,2,0
1279,1,3,4,0,4,3,2
1280,3,0,3,0,4,3,3
1281,4,2,0,1,1,2,2
1282,1,0,1,3,0,1,2
1283,2,0,4,1,2,0,3
1284,3,4,0,4,1,3,2
1285,4,2,4,0,0,1,1
1286,2,2,1,0,1,0,1
1287,3,1,0,2,1,4,0
1288,3,0,0,1,2,1,1
1289,3,1,1,4,4,2,3
1290,1,0,2,2,0,3,1
1291,2,2,1,0,1,2,4
1292,4,0,4,3,0,2,0
1293,3,0,3,3,1,3,2
1294,2,1,2,1,0,3,4
1295,1,1,0,0,4,0,3
1296,1,4,3,4,4,3,2
1297,3,2,0,4,0,4,1
1298,0,0,2,2,0,1,0
1299,0,4,1,2,0,4,1
1300,0,1,4,0,0,0,0
1301,1,0,2,1,1,1,4
1302,3,4,0,0,3,4,1
1303,4,3,0,3,3,2,0
1304,3,4,3,1,1,4,4
1305,4,0,0,2,4,1,1
1306,4,4,0,4,1,1,0
1307,1,0,4,4,4,0,3
1308,1,0,0,2,0,0,4
1309,4,1,4,0,2,2,3
1310,2,3,0,3,2,1,2
1311,1,1,3,0,4,4,3
1312,3,0,1,2,0,2,0
1313,3,3,2,0,4,3,0
1314,1,4,2,3,2,2,0
1315,2,2,0,1,3,4,4
1316,3,4,3,0,1,3,2
1317,1,0,4,0,4,4,1
1318,0,0,1,3,2,3,4
1319,3,0,4,1,3,4,3
1320,4,2,0,0,0,1,4
1321,4,3,0,0,0,1,1
1322,0,0,3,4,4,0,0
1323,0,2,0,4,3,4,4
1324,1,1,2,0,3,4,4
1325,4,4,0,0,0,1,1
1326,1,0,2,1,2,0,2
1327,0,3,4,1,4,1,0
1328,3,4,1,2,1,0,1
1329,4,4,0,3,0,2,3
1330,1,0,1,0,0,3,2
1331,1,0,0,1,2,1,2
1332,1,3,1,4,0,2,0
1333,4,1,3,3,2,1,4
1334,1,0,4,1,1,4,1
1335,2,4,0,4,4,4,2
1336,1,1,0,1,0,1,4
1337,1,3,2,4,3,4,2
1338,3,1,2,1,2,0,1
1339,3,2,1,4,1,1,1
1340,2,1,2,4,0,0,1
1341,2,4,0,3,4,0,2
1342,3,2,4,1,3,1,0
1343,4,3,1,3,2,2,3
1344,0,0,0,3,4,4,3
1345,2,2,0,0,0,0,1
1346,3,1,4,4,2,0,0
1347,0,3,4,4,2,0,0
1348,3,3,1,0,0,0,3
1349,0,3,4,3,2,0,1
1350,0,1,0,1,1,3,4
1351,3,2,2,0,2,2,2
1352,2,2,0,2,3,3,0
1353,2,0,1,4,0,0,2
1354,1,4,2,0,0,3,0
1355,3,2,4,0,0,2,3
1356,0,0,4,4,0,0,3
1357,0,4,2,2,3,4,0
1358,2,3,2,2,4,1,3
1359,4,4,4,2,0,1,0
1360,2,4,4,4,4,0,4
1361,3,2,1,3,1,3,1
1362,1,4,4,2,2,1,4
1363,2,0,1,4,0,3,0
1364,3,0,3,0,1,1,0
1365,4,2,0,1,2,4,3
1366,2,0,4,2,0,0,0
1367,1,3,3,3,0,3,3
1368,1,0,4,0,3,1,2
1369,1,1,1,3,0,3,0
1370,0,2,3,0,4,3,1
1371,1,1,0,4,3,3,1
1372,4,1,0,3,0,4,2
1373,0,0,3,2,4,0,2
1374,3,1,4,2,2,0,1
1375,1,0,2,0,2,1,2
1376,1,2,1,3,1,1,1
1377,1,3,0,4,2,1,2
1378,2,2,0,1,2,2,4
1379,0,4,0,0,4,3,4
1380,4,1,3,3,3,2,0
1381,2,0,2,2,4,2,3
1382,4,2,1,2,3,4,0
1383,0,0,0,1,1,1,1
1384,1,3,3,1,4,3,4
1385,4,0,0,2,1,1,1
1386,0,3,1,1,0,0,4
1387,1,0,3,1,4,0,2
1388,0,4,0,1,0,1,1
1389,1,3,2,3,2,4,2
1390,3,0,2,1,4,0,2
1391,2,4,1,2,0,3,0
1392,1,0,2,1,2,3,2
1393,3,1,0,3,3,0,2
1394,4,3,2,0,2,2,1
1395,1,0,1,3,3,0,1
1396,0,0,4,4,0,1,0
1397,3,0,3,2,1,4,2
1398,0,1,4,4,0,0,2
1399,0,0,1,3,0,1,3
1400,4,4,0,2,0,3,1
1401,3,1,2,4,3,1,1
1402,1,2,4,3,0,2,0
1403,4,0,2,0,2,0,4
1404,4,3,0,4,0,4,0
1405,3,0,3,1,2,0,4
1406,1,2,1,0,3,0,0
1407,1,1,2,1,1,1,4
1408,1,0,0,3,0,2,2
1409,0,2,2,0,0,0,0
1410,1,2,0,2,2,2,0
1411,2,0,1,1,4,1,0
1412,4,3,3,0,1,2,1
1413,2,2,4,2,4,4,0
1414,1,1,0,3,3,2,1
1415,3,3,0,0,0,2,0
1416,3,1,2,1,0,0,2
1417,1,0,2,0,0,4,0
1418,2,1,3,4,0,0,0
1419,1,4,4,1,4,3,3
1420,3,2,4,3,2,4,4
1421,2,0,2,1,1,0,2
1422,1,2,1,0,1,4,1
1423,4,3,2,2,2,4,2
1424,2,1,0,1,0,3,0
1425,2,2,0,1,2,3,0
1426,3,3,1,1,1,2,0
1427,0,4,1,4,4,1,1
1428,4,4,0,0,3,2,2
1429,3,1,4,3,0,0,3
1430,4,3,4,0,0,0,2
1431,3,4,0,1,0,2,4
1432,4,1,1,2,0,4,0
1433,1,2,1,0,2,0,1
1434,3,3,4,1,0,1,1
1435,4,0,1,0,3,0,0
1436,1,0,4,0,3,4,4
1437,1,2,0,3,0,4,0
1438,1,1,0,0,0,0,1
1439,0,3,2,2,0,3,1
1440,0,4,0,0,0,4,0
1441,4,4,3,1,2,0,3
1442,4,0,0,2,0,0,0
1443,4,4,3,3,2,2,0
1444,4,0,1,4,2,0,3
1445,4,0,2,3,0,4,0
1446,3,2,0,2,0,0,1
1447,3,3,4,0,1,3,0
1448,1,1,3,1,4,0,0
1449,1,0,0,4,0,2,3
1450,1,3,2,1,4,0,1
1451,2,0,3,0,1,1,4
1452,3,0,4,4,4,2,4
1453,0,3,0,3,4,3,2
1454,3,1,3,4,0,1,4
1455,1,0,0,4,2,3,3
1456,0,2,3,0,3,0,4
1457,1,0,0,0,4,4,3
1458,0,1,0,0,2,0,0
1459,3,0,2,0,0,1,0
1460,1,3,1,0,4,0,4
1461,1,3,2,4,3,2,0
1462,1,1,4,1,0,1,1
1463,2,3,1,4,0,1,4
1464,4,4,1,0,2,3,3
1465,0,2,0,1,4,4,2
1466,3,0,3,3,2,1,2
1467,4,1,2,2,1,0,1
1468,1,0,0,0,1,2,2
1469,0,0,2,0,0,4,0
1470,0,2,2,4,2,0,2
1471,4,4,3,3,1,1,4
1472,4,4,4,1,3,4,2
1473,4,4,1,3,2,1,4
1474,2,0,4,3,4,0,1
1475,2,4,0,0,0,3,2
1476,1,4,3,3,2,0,1
1477,1,4,0,0,0,4,0
1478,4,2,0,2,3,0,3
1479,2,3,0,1,4,2,0
1480,2,1,2,0,2,1,0
1481,2,3,3,4,0,1,0
1482,1,1,4,1,2,0,0
1483,1,4,0,0,2,4,2
1484,3,4,2,1,1,3,2
1485,4,1,0,1,1,4,0
1486,0,2,3,1,0,4,2
1487,1,1,4,1,2,1,4
1488,0,1,2,2,3,4,4
1489,2,0,1,4,1,4,1
1490,2,0,0,1,4,3,3
1491,0,4,2,0,1,4,2
1492,2,3,0,3,2,1,3
1493,3,2,0,0,2,1,3
1494,2,1,1,0,1,0,2
1495,2,3,1,4,1,4,3
1496,0,2,0,3,1,2,1
1497,0,3,3,0,1,3,1
1498,0,2,4,0,3,2,4
1499,2,4,4,2,2,0,1
1500,2,2,1,0,2,0,1
1501,1,0,0,1,0,0,0
1502,2,0,1,0,2,4,2
1503,1,3,2,3,3,3,4
1504,3,4,2,1,3,1,1
1505,4,1,1,4,1,0,4
1506,1,0,4,3,0,0,1
1507,2,4,0,1,2,4,0
1508,1,0,3,4,3,4,0
1509,0,3,1,3,1,0,1
1510,2,2,1,0,0,3,4
1511,3,0,0,1,1,0,3
1512,4,3,4,0,0,0,3
1513,0,1,3,2,0,4,1
1514,3,0,1,4,3,3,2
1515,3,1,0,2,0,1,3
1516,0,2,4,0,2,0,4
1517,4,4,2,3,3,2,2
1518,1,3,0,4,0,0,4
1519,0,0,3,3,0,0,0
1520,2,2,2,2,4,0,3
1521,1,2,4,2,4,2,1
1522,3,1,0,3,0,1,0
1523,0,0,4,3,0,1,2
1524,1,0,0,1,0,0,1
1525,2,1,2,1,0,0,4
1526,2,2,3,0,1,0,4
1527,3,3,4,1,3,1,4
1528,4,3,4,2,0,0,3
1529,1,3,0,2,0,0,2
1530,0,2,1,3,0,3,1
1531,1,0,0,4,3,1,2
1532,0,0,3,3,1,1,1
1533,1,2,2,2,0,1,1
1534,3,0,0,0,4,1,0
1535,2,0,0,3,3,0,2
1536,1,4,0,2,1,3,0
1537,1,2,0,0,0,3,0
1538,0,2,2,3,2,0,3
1539,4,4,4,1,4,1,1
1540,2,0,0,2,0,0,0
1541,1,4,0,1,3,1,0
1542,4,0,4,4,0,3,1
1543,2,0,2,1,3,4,3
1544,2,0,2,1,4,2,0
1545,4,0,4,1,4,0,3
1546,1,4,2,2,4,3,0
1547,2,2,4,1,3,2,0
1548,1,0,4,4,0,0,4
1549,2,2,1,3,4,2,1
1550,4,3,0,1,2,0,1
1551,3,4,2,2,2,2,2
1552,2,0,0,1,4,0,0
1553,2,3,0,4,3,2,1
1554,3,4,2,3,2,0,3
1555,2,4,3,0,2,1,3
1556,2,4,0,0,1,1,4
1557,3,3,3,1,0,3,1
1558,2,2,0,3,3,2,0
1559,4,2,1,0,2,0,0
1560,1,2,4,2,0,1,1
1561,1,4,2,0,0,1,1
1562,0,1,0,1,4,3,0
1563,0,2,0,4,1,2,4
1564,4,0,4,1,1,4,4
1565,2,0,4,4,0,0,2
1566,0,3,0,3,0,2,0
1567,1,3,1,4,4,1,0
1568,0,1,2,3,0,0,1
1569,1,2,2,0,1,1,0
1570,1,2,1,2,4,0,2
1571,4,0,0,0,2,1,4
1572,1,0,4,0,1,3,0
1573,2,0,1,1,0,1,4
1574,0,2,4,2,2,0,4
1575,3,0,0,4,3,0,0
1576,4,3,4,1,4,1,0
1577,1,1,0,2,0,1,2
1578,1,2,4,4,2,1,0
1579,0,0,2,3,3,1,3
1580,3,3,0,2,0,4,2
1581,0,1,3,0,2,4,4
1582,0,0,0,3,1,1,3
1583,2,0,0,0,3,2,0
1584,2,4,3,1,1,0,2
1585,0,4,0,0,0,3,4
1586,4,1,3,1,0,0,3
1587,4,1,4,3,3,0,3
1588,3,3,2,4,2,2,4
1589,4,0,0,0,3,2,4
1590,4,3,4,1,4,0,1
1591,3,0,3,1,0,3,2
1592,1,1,3,4,3,3,3
1593,4,4,4,2,0,3,0
1594,3,0,4,4,3,2,0
1595,1,2,3,3,4,1,4
1596,3,1,3,0,2,0,4
1597,0,4,4,2,4,4,4
1598,2,4,2,0,0,0,3
1599,0,4,4,4,2,2,0
1600,4,4,4,2,0,2,0
1601,2,1,0,2,2,3,0
1602,3,1,2,2,4,1,0
1603,3,1,4,4,4,1,0
1604,4,0,3,2,4,4,2
1605,3,3,2,3,2,1,0
1606,3,4,4,0,4,4,4
1607,2,0,0,3,3,4,1
1608,1,4,0,0,2,0,4
1609,4,0,3,3,2,1,2
1610,1,0,4,1,1,4,1
1611,0,0,0,1,2,2,4
1612,1,0,1,4,3,1,0
1613,4,0,1,3,4,0,0
1614,3,4,1,0,3,2,4
1615,2,2,2,0,1,0,2
1616,1,4,2,1,1,3,4
1617,2,0,0,0,0,0,4
1618,2,0,0,1,0,3,0
1619,0,4,2,2,4,0,0
1620,0,0,4,0,0,2,3
1621,1,0,2,0,2,1,0
1622,1,2,0,4,0,0,0
1623,3,2,1,1,2,0,0
1624,3,4,2,2,1,0,0
1625,1,3,0,0,0,3,2
1626,3,4,4,2,1,0,3
1627,0,1,0,2,0,3,3
1628,0,0,3,2,0,4,0
1629,2,0,0,1,1,2,1
1630,3,1,2,2,0,2,2
1631,0,4,3,1,3,0,3
1632,2,0,2,0,0,0,3
1633,2,2,1,1,0,0,0
1634,3,0,0,4,2,0,4
1635,0,1,0,3,3,0,3
1636,0,0,1,0,0,2,2
1637,0,0,1,3,3,2,1
1638,0,3,1,0,3,4,4
1639,0,2,3,4,1,0,2
1640,3,1,1,0,0,2,0
1641,4,0,2,2,4,3,1
1642,1,1,4,4,4,4,1
1643,2,2,0,4,0,0,1
1644,2,1,0,2,3,1,3
1645,1,0,4,1,0,2,0
1646,1,3,1,4,0,4,1
1647,3,1,3,1,1,2,0
1648,4,2,3,1,2,2,4
1649,3,1,4,4,0,0,1
1650,4,0,3,2,0,0,3
1651,2,0,1,4,3,0,1
1652,2,3,0,1,3,1,4
1653,4,0,0,4,2,1,0
1654,3,3,0,2,0,3,0
1655,0,0,4,0,2,3,2
1656,2,3,1,1,2,4,3
1657,4,4,0,3,3,2,1
1658,4,4,4,0,2,1,1
1659,0,1,1,1,4,0,1
1660,3,1,3,4,0,1,2
1661,0,3,3,2,2,3,3
1662,2,2,4,2,0,2,4
1663,2,0,2,4,3,0,0
1664,2,2,2,1,1,0,3
1665,1,0,1,0,3,3,1
1666,4,1,0,1,4,2,4
1667,2,0,4,0,4,2,3
1668,0,1,4,4,1,2,2
1669,0,0,4,0,1,4,2
1670,0,0,4,0,0,0,1
1671,3,0,4,0,2,1,3
1672,4,1,0,2,3,0,3
1673,0,0,0,3,4,2,2
1674,1,3,1,2,0,2,2
1675,0,0,3,2,2,0,3
1676,0,2,0,1,0,3,1
1677,2,0,4,0,2,2,4
1678,0,1,2,2,4,4,1
1679,4,1,2,4,2,4,2
1680,3,3,2,3,1,0,0
1681,0,4,0,2,1,0,4
1682,1,3,1,2,2,3,0
1683,2,1,3,2,2,4,2
1684,1,0,0,3,4,0,3
1685,3,0,0,3,2,3,2
1686,3,3,0,4,1,0,3
1687,2,4,4,1,4,2,0
1688,0,2,2,3,2,0,2
1689,2,1,0,1,0,3,0
1690,4,2,0,0,0,0,0
1691,0,2,3,4,0,3,1
1692,0,3,3,1,2,0,0
1693,2,1,2,4,0,2,4
1694,0,1,0,3,3,1,2
1695,1,1,1,0,3,4,2
1696,0,3,2,3,0,0,0
1697,3,4,2,3,1,1,1
1698,3,0,0,2,1,2,0
1699,2,0,4,3,1,2,0
1700,2,2,3,3,2,2,3
1701,3,1,0,3,1,4,0
1702,1,1,3,0,2,4,1
1703,4,1,4,2,4,4,0
1704,0,0,0,3,4,0,1
1705,2,0,4,2,1,1,4
1706,1,2,1,0,1,0,3
1707,0,3,1,0,0,2,0
1708,1,0,3,1,0,2,4
1709,1,1,1,4,2,4,2
1710,0,1,0,3,0,1,3
1711,0,0,2,2,2,0,4
1712,2,0,4,2,1,1,3
1713,2,0,3,1,0,1,0
1714,2,1,3,0,4,0,3
1715,0,3,0,4,0,1,2
1716,3,4,1,2,0,3,0
1717,3,1,0,4,1,1,3
1718,0,4,4,1,0,1,4
1719,4,0,0,1,4,0,4
1720,0,2,2,1,3,3,1
1721,4,0,0,0,1,2,1
1722,1,4,4,3,0,2,4
1723,0,4,4,0,2,1,0
1724,1,4,3,2,2,4,0
1725,1,0,3,2,4,0,1
1726,1,2,0,3,4,2,4
1727,4,2,3,0,1,2,4
1728,1,0,0,4,3,3,1
1729,4,0,4,4,1,0,4
1730,1,0,4,2,1,2,3
1731,2,0,0,1,0,3,0
1732,4,4,2,1,0,3,0
1733,4,0,2,4,3,2,0
1734,4,4,1,0,1,3,4
1735,0,0,3,4,0,1,1
1736,2,4,0,2,0,2,4
1737,0,4,1,3,2,0,0
1738,1,0,0,1,2,0,4
1739,2,1,0,0,0,4,4
1740,1,3,2,4,3,0,2
1741,2,0,0,0,1,2,1
1742,2,3,3,3,2,0,3
1743,2,1,0,1,0,3,0
1744,3,2,1,0,2,1,3
1745,0,1,4,3,3,1,3
1746,4,0,2,0,4,0,2
1747,3,0,4,3,4,1,0
1748,3,3,0,3,3,1,0
1749,3,0,1,2,3,1,0
1750,0,2,3,0,2,2,1
1751,2,4,0,2,4,0,0
1752,1,2,4,0,0,2,0
1753,2,4,4,2,2,2,0
1754,2,2,3,0,3,1,2
1755,1,3,2,0,0,2,3
1756,1,3,3,4,0,0,2
1757,0,1,1,2,3,2,3
1758,0,1,4,1,0,2,1
1759,0,0,2,4,2,0,1
1760,0,2,0,1,4,2,3
1761,4,0,0,2,1,0,0
1762,1,3,0,4,4,4,2
1763,0,3,1,0,2,1,3
1764,4,2,0,2,0,0,0
1765,0,4,0,1,1,0,2
1766,0,2,3,2,3,1,1
1767,0,1,4,3,4,1,1
1768,0,0,1,4,3,2,2
1769,4,1,1,3,4,0,2
1770,0,0,4,3,0,0,1
1771,0,2,4,2,2,3,4
1772,1,1,0,4,0,2,0
1773,2,0,4,3,4,1,2
1774,4,3,0,1,3,3,4
1775,0,3,4,0,1,2,3
1776,0,2,0,2,4,1,3
1777,2,1,0,0,3,2,0
1778,4,1,4,2,2,2,0
1779,1,3,3,2,0,2,2
1780,0,3,2,4,4,2,1
1781,2,0,0,1,3,3,1
1782,0,2,2,1,3,4,2
1783,2,0,0,2,0,2,0
1784,3,3,3,0,1,0,2
1785,4,3,0,0,2,2,2
1786,2,0,3,2,1,1,1
1787,1,0,2,0,0,0,0
1788,1,3,0,1,4,4,0
1789,1,1,0,4,2,1,3
1790,4,3,2,1,4,3,3
1791,3,2,4,4,1,0,1
1792,4,3,3,2,4,1,2
1793,1,0,1,0,3,2,1
1794,1,3,1,0,0,4,4
1795,0,1,0,3,0,4,0
1796,2,1,0,1,2,3,1
1797,1,2,4,3,2,4,1
1798,0,1,1,3,3,0,2
1799,1,4,1,3,2,1,1
1800,0,2,3,2,0,1,0
1801,3,3,0,2,1,2,4
1802,0,2,1,3,4,2,1
1803,2,3,0,4,0,0,1
1804,3,0,2,3,3,3,2
1805,4,3,0,0,3,4,1
1806,0,3,1,0,1,0,0
1807,2,1,0,1,1,1,1
1808,0,3,1,0,1,1,1
1809,1,4,2,4,1,2,3
1810,2,0,1,0,2,2,2
1811,1,0,0,1,0,3,0
1812,1,4,3,3,3,3,3
1813,3,1,0,2,0,1,3
1814,3,3,4,2,3,0,0
1815,0,2,1,1,1,3,0
1816,3,4,3,0,0,4,2
1817,4,1,4,4,4,2,2
1818,1,3,4,1,1,2,1
1819,2,4,2,1,1,2,0
1820,2,0,0,0,2,3,4
1821,2,3,0,3,0,1,4
1822,3,0,3,2,3,3,3
1823,0,1,0,1,3,3,2
1824,0,0,3,1,1,4,0
1825,3,3,1,1,1,4,1
1826,1,3,2,0,4,0,3
1827,3,0,2,1,0,0,0
1828,0,0,2,0,1,0,3
1829,0,0,2,1,1,4,1
1830,3,0,3,1,4,4,0
1831,4,0,4,3,0,3,2
1832,3,0,1,4,2,0,0
1833,0,3,1,3,0,2,2
1834,1,4,3,0,0,4,2
1835,2,1,0,1,1,1,0
1836,1,0,2,3,1,4,0
1837,3,2,4,0,3,0,1
1838,3,3,0,0,2,4,1
1839,0,0,4,3,2,1,0
1840,0,3,0,2,0,2,4
1841,2,1,2,3,3,4,4
1842,3,0,2,0,2,0,1
1843,3,4,0,0,1,3,2
1844,1,3,0,0,2,3,0
1845,3,3,3,4,0,1,1
1846,4,3,1,0,1,2,2
1847,1,3,4,2,1,3,0
1848,2,0,0,2,4,2,0
1849,3,0,3,3,3,0,0
1850,0,4,0,1,0,1,2
1851,4,0,4,1,1,0,3
1852,2,2,1,0,4,4,1
1853,0,1,2,1,3,4,2
1854,4,4,1,4,3,1,0
1855,1,3,0,0,3,0,2
1856,3,0,1,3,2,4,4
1857,3,1,2,4,1,2,2
1858,4,0,0,4,2,1,3
1859,1,2,0,0,3,1,1
1860,2,2,1,4,2,1,1
1861,1,1,3,0,2,2,3
1862,3,1,1,2,2,0,4
1863,4,4,4,0,0,4,4
1864,2,2,3,3,0,3,0
1865,2,0,1,3,4,0,1
1866,2,4,0,2,3,3,0
1867,1,0,4,2,4,0,1
1868,2,1,3,3,0,0,1
1869,0,1,3,3,0,1,1
1870,1,3,2,4,0,3,0
1871,0,3,0,0,2,0,2
1872,1,4,3,3,4,2,3
1873,0,4,0,3,0,4,2
1874,1,2,1,2,1,4,2
1875,2,3,1,4,2,1,1
1876,3,0,0,4,2,1,1
1877,1,1,1,3,3,3,3
1878,2,0,0,1,4,3,2
1879,1,3,0,4,1,1,1
1880,3,1,4,3,0,1,0
1881,2,4,2,4,3,0,0
1882,0,0,2,0,3,0,3
1883,2,0,2,3,1,0,1
1884,4,1,0,3,4,0,3
1885,3,3,2,0,2,2,2
1886,2,4,4,4,4,0,1
1887,3,1,0,4,2,4,3
1888,2,0,2,3,4,0,3
1889,2,3,0,1,1,2,1
1890,3,1,0,1,3,1,0
1891,3,3,0,0,2,0,0
1892,3,0,0,2,3,1,3
1893,0,4,4,4,2,1,0
1894,1,4,4,4,3,4,3
1895,2,0,1,1,4,0,3
1896,4,1,2,2,0,4,4
1897,2,1,4,4,4,0,0
1898,3,0,0,0,3,0,2
1899,4,1,0,3,0,4,1
1900,0,0,0,0,0,3,1
1901,1,0,3,0,0,3,1
1902,4,1,4,2,4,0,3
1903,3,0,4,3,0,0,1
1904,1,4,4,0,3,3,1
1905,1,0,0,0,3,2,1
1906,2,0,0,1,4,1,0
1907,4,0,0,2,0,4,0
1908,1,1,4,0,4,4,3
1909,3,4,2,1,1,2,4
1910,3,2,0,2,1,1,3
1911,4,0,2,4,3,4,3
1912,2,3,1,2,1,0,0
1913,4,3,1,2,4,2,2
1914,1,0,2,4,1,0,2
1915,3,3,3,2,0,4,2
1916,1,0,0,2,2,0,0
1917,4,4,1,0,0,1,0
1918,3,1,0,3,4,0,0
1919,4,3,2,0,2,2,3
1920,0,1,2,0,1,3,4
1921,0,3,0,0,1,3,0
1922,3,2,1,3,2,2,4
1923,4,3,0,2,0,4,3
1924,3,4,1,1,1,1,4
1925,0,3,2,2,1,0,0
1926,3,1,4,4,1,3,0
1927,1,0,4,4,0,3,2
1928,2,4,2,4,0,1,1
1929,3,0,0,0,4,2,3
1930,2,3,0,2,0,4,1
1931,4,2,1,3,2,2,3
1932,3,0,2,4,0,3,3
1933,0,2,0,4,1,4,0
1934,2,0,2,0,3,2,3
1935,3,4,3,4,3,1,0
1936,1,4,4,0,4,0,0
1937,0,3,1,3,0,3,1
1938,4,1,4,1,1,3,3
1939,3,0,0,4,1,0,2
1940,0,3,2,2,2,3,1
1941,2,3,3,1,0,4,1
1942,1,4,0,4,2,2,2
1943,3,0,4,2,0,4,2
1944,2,4,1,0,1,0,2
1945,3,0,1,0,2,4,3
1946,2,2,3,3,4,2,4
1947,2,3,3,2,1,0,3
1948,1,0,3,0,4,3,1
1949,4,2,0,0,4,1,3
1950,3,3,0,3,3,0,3
1951,0,4,0,0,4,3,1
1952,3,1,1,0,1,0,0
1953,1,1,1,3,4,4,0
1954,1,3,4,1,0,0,3
1955,3,1,0,1,0,1,4
1956,1,3,0,4,1,1,0
1957,4,1,0,0,2,1,3
1958,3,1,1,3,3,1,1
1959,2,0,2,2,0,1,1
1960,4,0,3,0,4,0,2
1961,1,1,0,1,4,2,0
1962,1,0,1,0,4,1,0
1963,2,2,1,0,1,2,4
1964,3,1,0,1,0,2,1
1965,3,0,0,1,0,0,0
1966,1,4,0,3,2,0,0
1967,1,2,2,1,2,4,0
1968,4,0,2,0,0,0,0
1969,1,3,3,2,3,4,0
1970,4,0,0,1,1,3,1
1971,2,4,0,0,0,3,1
1972,4,0,2,4,1,0,0
1973,4,2,3,3,4,0,1
1974,4,3,4,3,3,3,3
1975,1,1,4,0,0,0,1
1976,2,0,2,1,0,0,0
1977,1,4,0,1,3,1,3
1978,4,1,1,3,1,4,0
1979,4,2,3,0,3,4,4
1980,3,0,4,0,3,0,4
1981,4,0,0,4,0,0,3
1982,1,1,1,3,0,4,0
1983,3,0,4,0,0,0,3
1984,3,3,4,2,4,0,3
1985,1,3,2,4,3,1,2
1986,0,0,1,4,3,3,1
1987,1,4,1,4,4,0,3
1988,2,0,0,0,4,0,0
1989,1,2,0,2,4,0,3
1990,4,0,4,1,4,3,4
1991,0,0,0,2,4,0,3
1992,4,0,4,3,3,2,3
1993,0,0,0,0,3,4,4
1994,0,4,3,0,2,2,0
1995,4,0,4,1,1,4,0
1996,1,0,0,4,3,1,4
1997,3,2,1,0,0,4,3
1998,4,2,0,3,0,4,2
1999,0,1,2,0,0,3,1
2000,2,0,0,1,3,1,1
2001,0,1,2,1,0,1,0
2002,1,3,0,0,0,1,2
2003,2,3,3,0,4,1,4
2004,0,3,2,0,1,4,1
2005,1,0,3,4,1,3,2
2006,3,2,4,0,3,0,2
2007,3,0,1,1,0,4,3
2008,1,2,1,4,4,3,0
2009,1,3,2,1,0,2,4
2010,3,2,4,0,1,3,2
2011,3,2,0,0,4,2,3
2012,1,0,0,1,3,0,4
2013,2,0,2,3,4,3,3
2014,2,0,0,3,1,0,0
2015,3,3,2,0,0,0,3
2016,3,3,0,1,3,0,2
2017,3,0,0,4,0,1,1
2018,1,4,3,3,1,3,1
2019,3,4,0,4,0,0,1
2020,4,3,1,4,0,0,1
2021,0,4,2,4,2,1,4
2022,4,0,3,1,0,3,0
2023,0,4,0,4,0,2,2
2024,4,4,2,0,3,1,2
2025,0,3,2,4,1,2,1
2026,3,0,0,0,1,1,4
2027,2,2,2,0,1,4,3
2028,4,0,1,1,1,4,1
2029,0,4,4,2,2,3,4
2030,0,0,3,0,4,0,3
2031,0,1,3,0,0,0,4
2032,3,4,0,2,0,0,4
2033,1,4,0,2,2,1,2
2034,2,2,4,4,4,2,1
2035,0,4,4,4,0,3,1
2036,0,4,2,1,0,2,0
2037,3,0,1,1,0,2,2
2038,4,0,0,2,2,3,1
2039,4,0,0,1,1,0,0
2040,1,3,0,2,0,0,1
2041,3,2,4,2,0,4,2
2042,3,2,1,0,1,4,1
2043,4,2,1,3,1,0,0
2044,4,3,0,2,1,0,0
2045,2,0,4,3,1,4,4
2046,2,0,3,3,4,0,0
2047,4,1,0,1,4,1,0
2048,0,0,2,3,0,4,0
2049,1,4,3,2,0,0,0
2050,0,0,3,2,3,0,3
2051,3,2,3,3,0,2,1
2052,3,0,3,1,0,2,3
2053,3,3,0,4,0,4,2
2054,3,0,4,0,0,1,1
2055,4,0,0,2,3,1,3
2056,4,2,4,2,1,1,4
2057,0,3,1,3,0,1,1
2058,3,1,2,2,4,3,1
2059,2,0,4,0,2,4,0
2060,0,3,4,0,0,3,3
2061,2,3,2,1,0,4,4
2062,0,1,2,0,3,1,1
2063,1,2,2,2,2,1,0
2064,0,0,0,0,3,0,1
2065,3,4,2,1,2,3,0
2066,2,1,3,2,4,2,0
2067,1,1,4,2,1,2,3
2068,4,2,0,2,0,3,0
2069,3,0,1,0,0,0,0
2070,0,1,0,1,0,3,2
2071,0,0,0,3,4,0,0
2072,3,4,2,2,3,2,0
2073,2,0,2,3,1,3,1
2074,0,3,1,2,0,0,1
2075,4,2,1,0,2,0,4
2076,3,2,3,0,0,0,4
2077,2,1,0,2,0,3,3
2078,1,0,4,1,4,4,1
2079,0,0,2,0,1,1,0
2080,3,4,4,1,4,1,4
2081,1,0,4,3,0,2,1
2082,4,1,4,2,2,4,1
2083,0,0,2,0,3,2,3
2084,4,4,2,4,1,0,2
2085,0,1,0,4,2,0,1
2086,1,4,4,0,0,3,0
2087,1,3,0,2,0,0,2
2088,2,3,0,3,3,0,1
2089,1,4,1,4,0,0,2
2090,0,4,0,3,3,0,0
2091,1,0,4,3,3,2,2
2092,0,0,0,0,2,4,0
2093,2,1,1,2,2,0,1
2094,1,0,2,3,0,4,3
2095,1,3,1,0,0,3,0
2096,1,2,4,0,0,3,2
2097,3,2,3,3,0,0,0
2098,0,2,4,2,3,2,2
2099,0,0,0,2,2,0,3
2100,2,2,1,4,1,2,2
2101,1,1,4,0,0,1,0
2102,1,0,2,2,1,0,2
2103,3,3,3,0,2,0,1
2104,0,0,4,0,0,4,3
2105,1,0,2,1,4,0,2
2106,0,0,4,2,1,0,2
2107,0,1,2,2,2,1,0
2108,3,2,0,0,3,4,1
2109,1,0,4,3,1,4,1
2110,1,0,0,2,4,3,3
2111,1,2,3,1,2,1,2
2112,1,0,0,0,4,3,0
2113,0,0,3,1,2,3,0
2114,4,4,3,0,0,2,3
2115,2,0,1,1,4,1,3
2116,3,1,1,0,3,1,1
2117,3,3,4,3,2,0,4
2118,1,4,1,0,0,0,4
2119,3,0,0,1,2,1,3
2120,0,4,1,0,1,2,1
2121,2,4,0,3,0,1,2
2122,1,3,0,1,0,1,1
2123,3,1,2,0,0,4,1
2124,0,4,4,1,0,0,0
2125,2,2,1,0,2,0,2
2126,2,3,3,0,4,0,0
2127,1,0,1,0,2,3,0
2128,4,3,0,4,3,0,3
2129,1,4,3,4,4,4,3
2130,1,1,4,1,2,3,1
2131,4,3,0,0,0,4,3
2132,0,3,1,4,3,4,0
2133,1,1,1,0,0,2,1
2134,0,3,1,1,3,1,2
2135,0,4,4,4,3,0,1
2136,0,1,4,0,0,4,4
2137,1,4,0,1,0,4,4
2138,1,2,4,3,1,3,2
2139,1,0,2,2,3,0,1
2140,4,4,0,4,3,1,1
2141,3,1,1,0,3,1,3
2142,0,1,4,0,4,1,1
2143,1,3,0,0,4,4,0
2144,2,0,0,0,4,2,1
2145,0,2,4,0,2,0,3
2146,4,4,1,4,0,2,1
2147,2,1,0,2,4,3,1
2148,0,4,0,0,0,3,1
2149,1,1,0,1,4,1,4
2150,2,4,4,4,4,2,1
2151,0,0,3,0,1,3,1
2152,2,3,0,0,0,2,4
2153,4,2,2,0,0,3,1
2154,2,2,0,1,0,0,0
2155,1,1,4,1,0,4,0
2156,4,2,3,4,1,0,2
2157,0,1,1,0,1,0,3
2158,1,0,0,2,1,0,1
2159,1,1,0,0,1,0,4
2160,2,3,0,3,3,0,0
2161,3,3,4,1,4,1,2
2162,4,0,2,3,0,0,4
2163,1,4,0,1,2,4,1
2164,0,2,0,4,1,3,3
2165,3,3,1,3,0,3,0
2166,0,2,4,0,1,4,3
2167,4,0,0,4,0,2,2
2168,2,4,0,2,0,1,1
2169,1,1,4,2,1,4,0
2170,2,3,0,4,2,1,3
2171,1,1,0,3,0,0,0
2172,2,0,1,1,0,4,1
2173,0,1,2,4,0,2,1
2174,4,0,3,0,0,0,1
2175,3,3,4,3,3,4,1
2176,1,0,0,3,1,2,1
2177,0,2,0,0,0,4,1
2178,4,2,0,1,1,3,1
2179,3,1,3,0,0,4,3
2180,3,4,0,3,2,2,1
2181,3,0,2,3,4,0,2
2182,1,1,0,4,2,4,2
2183,0,4,0,0,0,1,2
2184,3,1,0,3,1,0,3
2185,4,0,1,0,0,3,1
2186,3,0,3,1,0,4,0
2187,0,4,4,1,0,0,2
2188,3,4,4,4,0,0,4
2189,3,2,4,0,3,2,0
2190,2,4,2,0,1,0,4
2191,4,0,1,4,2,2,1
2192,0,0,2,1,2,1,0
2193,0,0,0,2,1,0,0
2194,3,2,1,2,0,0,1
2195,2,2,1,0,0,3,1
2196,1,0,3,1,3,0,1
2197,3,0,0,2,2,4,1
2198,1,1,0,2,1,0,4
2199,2,0,4,4,0,0,0
2200,1,2,1,4,1,4,1
2201,4,2,1,2,3,2,4
2202,2,3,4,0,0,0,4
2203,1,2,3,2,4,0,3
2204,3,4,1,2,1,4,0
2205,0,2,3,0,0,1,2
2206,2,0,1,2,1,3,4
2207,2,2,2,1,0,3,0
2208,2,1,3,0,3,0,1
2209,0,2,1,4,0,0,1
2210,2,1,2,4,3,4,1
2211,1,0,0,4,0,0,3
2212,1,0,0,4,2,2,3
2213,1,2,0,4,0,2,1
2214,3,2,1,1,1,0,4
2215,0,1,1,0,3,0,4
2216,2,1,1,1,1,2,4
2217,3,2,3,2,0,0,0
2218,4,0,0,0,4,4,1
2219,2,3,1,1,1,1,1
2220,1,0,0,1,0,0,0
2221,3,2,2,0,2,4,3
2222,4,0,0,2,0,1,4
2223,0,1,2,3,3,1,1
2224,0,3,3,0,0,2,1
2225,1,2,2,1,3,0,4
2226,3,4,3,4,0,0,1
2227,1,1,1,2,0,2,3
2228,1,0,1,0,3,0,1
2229,0,4,4,3,1,0,1
2230,2,4,3,0,3,3,2
2231,0,1,2,1,2,2,1
2232,2,0,2,4,2,1,0
2233,2,2,2,0,0,0,0
2234,4,0,1,0,4,4,4
2235,2,3,1,3,2,3,3
2236,2,2,2,2,0,2,4
2237,3,0,4,0,2,4,2
2238,4,0,4,4,0,0,1
2239,2,0,2,0,2,1,2
2240,4,0,4,0,4,1,4
2241,1,0,0,1,0,0,4
2242,0,0,3,1,3,0,3
2243,4,2,2,0,4,3,0
2244,4,0,3,3,0,3,0
2245,4,0,1,1,0,2,3
2246,4,1,0,4,3,4,4
2247,2,3,0,1,1,2,4
2248,2,0,2,2,1,0,4
2249,2,0,4,1,1,3,2
2250,2,0,4,0,0,3,0
2251,3,4,1,1,0,0,2
2252,3,3,4,1,2,1,1
2253,2,4,2,0,0,0,2
2254,0,4,4,3,0,1,1
2255,4,4,4,1,2,1,0
2256,1,2,3,1,3,0,0
2257,3,0,0,1,1,1,1
2258,1,0,2,1,4,3,2
2259,0,1,2,1,2,0,4
2260,0,3,0,4,1,2,1
2261,4,0,0,1,4,2,3
2262,1,2,4,1,3,4,2
2263,3,1,0,1,1,1,3
2264,3,3,0,3,0,0,0
2265,2,2,0,3,2,2,4
2266,2,2,4,4,4,2,0
2267,4,2,4,0,1,0,0
2268,3,3,0,1,2,1,3
2269,1,1,0,4,0,4,1
2270,3,1,3,3,0,2,4
2271,0,4,0,3,0,1,1
2272,3,3,4,4,1,3,2
2273,1,3,4,2,2,3,4
2274,3,0,0,0,1,2,0
2275,0,2,3,0,1,2,4
2276,0,2,4,0,1,4,1
2277,3,3,4,3,4,2,0
2278,4,0,3,1,0,3,3
2279,3,3,0,3,0,3,3
2280,0,0,0,1,4,3,0
2281,4,0,3,3,0,0,0
2282,1,4,2,0,3,3,1
2283,0,0,4,2,3,2,1
2284,1,4,0,2,3,4,3
2285,3,2,1,4,3,3,1
2286,4,0,0,4,2,0,2
2287,1,1,0,4,4,3,3
2288,0,1,0,4,1,0,2
2289,0,2,4,2,2,3,2
2290,0,3,4,0,3,1,0
2291,2,3,3,1,3,2,0
2292,3,1,0,1,1,0,2
2293,2,3,0,1,1,4,1
2294,0,4,0,3,0,1,3
2295,2,3,2,3,4,4,2
2296,0,0,4,0,1,3,4
2297,3,4,2,1,4,0,1
2298,2,2,0,1,1,4,3
2299,3,0,4,3,1,1,2
2300,1,1,0,2,0,1,1
2301,4,0,0,4,4,3,4
2302,0,0,0,2,2,1,0
2303,1,0,4,3,1,4,4
2304,4,4,3,1,3,4,2
2305,4,4,2,1,3,4,2
2306,3,3,2,3,2,1,4
2307,3,3,2,1,4,3,1
2308,1,0,3,2,0,4,0
2309,1,3,0,0,3,3,4
2310,1,4,4,0,0,0,3
2311,0,0,3,1,4,0,1
2312,1,4,3,1,2,0,3
2313,3,0,0,2,4,2,3
2314,3,0,4,0,2,1,0
2315,3,3,2,2,1,0,1
2316,3,1,4,2,1,4,0
2317,2,0,4,4,3,1,1
2318,1,2,1,3,2,4,1
2319,4,2,1,3,1,0,0
2320,1,0,1,1,3,3,3
2321,3,4,3,0,4,0,2
2322,1,4,4,1,0,2,3
2323,4,0,1,1,4,2,3
2324,2,2,2,0,1,4,1
2325,0,0,4,3,1,1,3
2326,2,1,2,0,0,4,0
2327,3,0,2,0,0,3,1
2328,2,3,3,0,3,0,1
2329,0,4,0,0,1,4,4
2330,2,0,3,1,2,3,2
2331,0,3,1,2,3,1,1
2332,1,3,2,1,1,1,0
2333,4,0,0,0,0,1,0
2334,0,0,3,0,3,4,0
2335,1,2,0,1,2,2,3
2336,2,3,1,3,0,0,1
2337,1,3,1,3,1,1,0
2338,3,0,2,1,2,0,2
2339,1,4,0,3,0,1,3
2340,4,0,0,1,1,2,1
2341,4,2,0,2,0,2,0
2342,3,0,0,1,2,1,4
2343,0,3,3,4,4,3,1
2344,2,0,0,3,3,1,3
2345,3,0,3,4,0,1,4
2346,1,0,1,1,4,1,0
2347,4,4,2,3,2,3,1
2348,0,2,4,0,2,2,2
2349,2,0,3,2,0,2,4
2350,1,4,4,3,1,0,4
2351,4,0,4,3,0,3,0
2352,3,0,0,0,1,1,0
2353,4,3,2,0,0,0,1
2354,2,2,0,1,0,0,1
2355,3,2,4,1,1,1,0
2356,0,2,1,3,0,1,2
2357,1,0,0,1,1,2,3
2358,1,0,0,4,4,2,3
2359,0,3,1,2,1,3,4
2360,4,2,2,0,0,2,0
2361,3,3,3,0,0,2,3
2362,3,1,0,1,0,1,4
2363,3,0,0,0,3,2,4
2364,0,1,4,0,0,4,2
2365,0,1,0,4,0,0,4
2366,2,0,0,0,0,0,3
2367,4,0,3,2,2,0,4
2368,4,1,4,0,1,0,1
2369,2,4,0,4,0,4,4
2370,4,4,0,0,0,2,3
2371,1,0,0,0,3,4,4
2372,4,0,4,4,2,3,0
2373,2,0,3,0,2,2,2
2374,3,3,4,2,0,3,2
2375,0,3,2,4,0,2,2
2376,4,0,3,1,1,1,0
2377,4,4,1,0,4,3,2
2378,4,0,3,3,3,4,2
2379,3,0,2,3,4,1,2
2380,3,1,3,0,0,2,0
2381,1,1,0,2,4,4,4
2382,2,3,4,3,3,4,1
2383,3,0,1,4,4,0,2
2384,1,0,0,2,1,3,3
2385,3,2,0,1,2,4,0
2386,0,1,1,3,4,4,2
2387,3,0,2,2,0,3,2
2388,4,0,1,3,0,1,1
2389,1,0,3,0,3,1,3
2390,0,0,4,0,4,4,4
2391,0,0,3,1,1,0,0
2392,1,2,3,2,2,4,3
2393,3,1,2,3,0,4,1
2394,0,3,0,1,3,0,2
2395,2,2,1,3,3,3,1
2396,3,1,2,4,3,0,1
2397,1,2,3,2,3,3,4
2398,4,4,0,2,1,4,2
2399,3,1,4,0,3,4,1
2400,3,1,2,3,3,2,4
2401,3,0,3,0,0,4,3
2402,0,3,3,3,0,2,1
2403,0,1,4,2,0,0,4
2404,3,1,2,1,1,2,4
2405,2,0,3,2,3,4,1
2406,2,1,0,0,3,3,1
2407,3,0,4,1,3,4,0
2408,3,0,4,0,0,1,4
2409,1,4,3,2,0,0,2
2410,3,0,0,4,1,4,3
2411,1,1,4,1,4,3,2
2412,0,4,4,0,1,1,3
2413,1,0,3,2,1,3,2
2414,1,0,0,2,0,4,4
2415,1,2,3,1,2,0,4
2416,4,3,0,1,4,3,0
2417,2,2,2,1,2,2,0
2418,1,0,3,1,4,1,4
2419,3,0,0,0,4,1,4
2420,4,0,3,3,0,1,0
2421,2,2,4,1,0,0,1
2422,0,1,4,0,2,0,2
2423,2,3,0,0,4,3,0
2424,3,1,3,4,0,4,0
2425,0,2,0,4,0,0,1
2426,0,3,3,2,1,2,1
2427,1,4,2,3,1,2,2
2428,2,0,2,0,4,0,0
2429,1,0,1,3,0,2,1
2430,3,3,1,4,1,0,1
2431,2,1,3,1,0,1,4
2432,0,0,2,3,1,3,4
2433,1,1,3,3,0,2,2
2434,1,4,0,4,3,4,0
2435,2,2,0,3,4,0,1
2436,0,0,1,4,1,4,4
2437,4,2,0,2,4,1,2
2438,3,0,4,0,4,1,4
2439,0,2,4,2,4,1,2
2440,2,0,4,3,2,4,0
2441,3,2,3,2,3,1,1
2442,4,0,0,3,2,2,4
2443,2,2,0,2,0,2,2
2444,2,0,3,4,0,1,4
2445,4,2,1,1,4,0,2
2446,0,2,4,1,1,1,2
2447,3,1,2,3,0,0,1
2448,2,0,2,2,2,0,2
2449,4,0,2,1,0,2,2
2450,2,4,2,1,2,4,0
2451,1,2,1,2,2,3,1
2452,1,1,4,0,1,2,3
2453,0,3,1,0,2,0,3
2454,1,1,4,1,3,0,2
2455,4,1,2,2,4,0,1
2456,0,3,2,0,0,4,4
2457,3,0,1,0,1,0,1
2458,3,0,3,1,1,0,1
2459,4,3,0,3,1,1,0
2460,4,4,1,0,4,1,4
2461,0,0,3,3,4,1,1
2462,3,4,0,1,3,1,3
2463,2,0,0,3,4,0,3
2464,1,3,2,2,3,0,1
2465,3,0,1,4,0,2,0
2466,1,0,0,3,4,2,2
2467,0,0,3,4,1,1,4
2468,1,2,1,4,4,1,0
2469,3,0,4,3,1,4,0
2470,4,3,0,1,3,1,1
2471,3,2,1,1,3,3,0
2472,0,3,0,3,1,1,1
2473,4,0,0,0,4,3,3
2474,2,4,4,0,1,0,2
2475,4,3,0,4,2,3,0
2476,0,2,2,0,2,0,2
2477,2,4,4,3,1,0,4
2478,4,1,4,4,0,0,0
2479,3,2,2,4,1,2,1
2480,4,2,4,0,2,3,0
2481,3,1,2,4,0,1,3
2482,4,0,2,0,3,1,2
2483,3,0,4,1,3,1,1
2484,1,0,4,0,0,4,3
2485,1,2,3,1,1,3,3
2486,4,0,2,1,2,1,2
2487,0,0,2,1,0,4,1
2488,2,3,2,4,0,3,0
2489,3,4,4,0,2,1,4
2490,0,0,2,3,1,1,4
2491,0,0,4,0,3,1,0
2492,3,4,0,2,0,4,1
2493,4,1,0,1,2,2,4
2494,0,3,3,1,4,2,0
2495,1,2,3,4,3,4,4
2496,1,3,1,3,1,0,3
2497,4,0,0,0,1,3,0
2498,1,0,1,2,2,0,1
2499,2,3,0,1,2,3,1
2500,0,2,1,1,3,4,3
2501,2,3,4,0,3,4,1
2502,1,3,0,1,4,0,3
2503,2,0,2,1,4,2,0
2504,0,3,0,3,3,4,1
2505,3,0,2,4,0,1,3
2506,3,0,0,4,2,0,4
2507,2,0,4,3,2,2,2
2508,0,0,3,3,0,2,2
2509,3,3,0,1,0,4,0
2510,2,0,2,1,1,2,3
2511,2,1,3,1,1,1,2
2512,2,1,1,1,2,1,1
2513,3,4,0,3,2,1,1
2514,2,1,2,3,0,0,2
2515,1,4,0,2,2,0,2
2516,4,1,3,2,4,0,4
2517,0,1,4,0,0,1,1
2518,0,1,0,1,0,2,2
2519,0,0,0,1,0,0,1
2520,1,0,1,0,2,2,3
2521,4,0,0,3,3,0,3
2522,0,0,0,1,1,1,0
2523,2,0,1,4,1,3,2
2524,2,0,0,1,0,3,1
2525,1,3,1,1,2,0,3
2526,0,0,0,2,0,4,2
2527,2,1,4,4,0,3,0
2528,1,0,0,0,0,1,3
2529,0,1,4,3,4,1,4
2530,2,3,0,4,1,0,1
2531,4,0,0,3,0,3,1
2532,3,0,4,4,4,4,3
2533,4,4,0,2,1,2,0
2534,0,3,0,4,3,0,0
2535,1,4,0,4,0,4,3
2536,3,0,4,2,4,0,4
2537,3,0,1,0,4,0,1
2538,2,0,0,0,0,0,1
2539,1,4,3,2,3,0,0
2540,0,1,4,1,1,1,0
2541,1,0,0,1,1,2,0
2542,0,3,2,1,0,4,0
2543,3,0,0,4,3,2,2
2544,1,1,3,1,0,1,1
2545,4,3,0,3,1,2,1
2546,4,0,0,0,4,4,3
2547,1,0,3,0,4,0,1
2548,3,0,1,2,0,2,0
2549,2,4,1,3,4,4,0
2550,4,4,4,0,0,3,2
2551,4,3,4,1,3,0,3
2552,1,4,2,0,4,4,4
2553,4,0,1,3,1,3,2
2554,2,3,4,1,0,2,4
2555,0,0,3,3,4,4,3
2556,1,1,2,3,2,3,2
2557,2,0,4,0,3,1,1
2558,1,0,0,2,0,0,2
2559,1,4,4,3,2,0,0
2560,3,2,3,4,1,0,1
2561,4,2,0,1,3,4,4
2562,4,3,3,0,2,4,0
2563,0,0,2,0,3,3,2
2564,0,1,1,1,3,0,3
2565,0,2,1,4,1,4,3
2566,0,4,4,0,0,0,2
2567,3,2,0,0,0,1,3
2568,1,2,1,3,2,1,0
2569,4,0,2,2,2,0,0
2570,4,2,1,1,0,2,0
2571,4,4,3,3,3,2,0
2572,2,0,4,1,0,4,4
2573,3,2,2,2,2,2,3
2574,3,0,3,3,1,0,1
2575,1,3,0,1,0,2,2
2576,4,4,0,1,2,3,4
2577,0,4,1,1,1,4,1
2578,0,4,4,3,0,0,2
2579,3,1,1,1,3,0,3
2580,1,0,3,2,4,4,1
2581,3,1,0,0,1,0,1
2582,0,1,0,2,1,4,4
2583,4,0,0,1,0,0,4
2584,2,0,3,1,0,1,0
2585,0,4,0,4,2,0,4
2586,4,0,2,0,3,4,1
2587,0,1,4,0,3,1,0
2588,1,2,0,3,3,1,4
2589,2,4,3,2,1,3,1
2590,2,0,1,1,2,3,1
2591,0,2,0,2,1,2,3
2592,2,0,4,1,3,3,2
2593,3,4,2,0,1,2,2
2594,1,0,4,0,3,4,1
2595,0,4,3,0,4,2,3
2596,1,0,2,4,2,2,3
2597,0,2,0,4,3,4,4
2598,4,1,0,2,0,0,1
2599,0,4,2,0,4,1,3
2600,1,3,1,1,1,4,3
2601,3,0,0,1,3,2,3
2602,3,3,3,0,3,0,4
2603,3,3,0,4,2,1,1
2604,3,0,3,0,1,1,2
2605,0,1,4,2,4,0,1
2606,0,0,0,0,1,3,3
2607,1,1,4,1,2,3,2
2608,2,0,0,3,4,4,1
2609,4,4,0,0,0,2,4
2610,0,1,3,0,0,0,0
2611,2,3,4,0,3,4,0
2612,1,1,2,0,2,2,4
2613,4,0,0,3,0,0,1
2614,1,0,0,0,0,0,0
2615,2,0,0,4,1,2,0
2616,3,4,0,3,2,0,1
2617,2,3,0,2,3,0,3
2618,4,3,2,4,4,1,0
2619,0,2,3,2,2,4,2
2620,1,2,0,1,3,1,3
2621,3,0,0,2,0,4,1
2622,0,0,2,0,1,2,3
2623,3,0,4,0,1,4,4
2624,4,0,0,0,2,2,3
2625,2,1,4,2,0,0,0
2626,3,2,1,1,2,4,0
2627,0,0,1,0,0,0,4
2628,2,1,1,1,3,4,4
2629,1,0,0,0,2,2,4
2630,4,4,1,4,3,4,1
2631,3,2,0,3,0,4,1
2632,3,0,4,2,4,0,4
2633,0,4,0,4,4,2,0
2634,2,1,2,1,0,2,0
2635,2,2,2,3,2,1,1
2636,2,3,3,0,3,0,0
2637,2,4,3,1,2,4,0
2638,3,3,0,3,1,3,0
2639,2,3,4,3,3,4,3
2640,0,4,0,0,4,0,0
2641,4,0,4,2,0,1,3
2642,2,1,1,2,2,4,1
2643,4,0,2,0,4,4,4
2644,3,0,4,0,4,4,0
2645,1,4,3,0,3,0,4
2646,3,0,2,3,0,1,1
2647,0,2,0,4,4,1,1
2648,3,0,0,1,4,1,0
2649,4,2,4,4,4,4,1
2650,2,0,0,1,2,1,4
2651,2,4,2,3,0,1,1
2652,3,1,4,3,4,1,2
2653,1,0,1,4,3,2,4
2654,3,0,3,2,1,2,2
2655,1,4,4,0,1,3,1
2656,4,1,1,3,0,2,0
2657,3,2,4,2,3,2,2
2658,1,0,4,1,4,1,1
2659,2,2,3,4,1,4,3
2660,4,4,4,4,1,4,1
2661,0,1,3,0,3,0,1
2662,2,1,0,4,3,1,2
2663,1,0,0,1,1,4,4
2664,3,4,1,1,0,1,1
2665,3,4,0,0,1,4,0
2666,1,2,1,2,1,0,1
2667,1,3,4,3,4,3,2
2668,0,3,1,1,3,3,4
2669,1,1,0,0,2,2,2
2670,3,1,0,0,3,3,3
2671,4,4,4,0,1,2,4
2672,3,1,3,1,3,0,1
2673,1,0,4,2,0,0,0
2674,4,2,2,2,0,0,4
2675,0,3,1,2,4,4,1
2676,4,0,0,0,0,1,0
2677,1,1,4,3,3,1,0
2678,2,3,0,4,1,2,1
2679,3,3,1,4,2,0,3
2680,2,0,3,1,4,0,0
2681,3,0,0,0,0,2,3
2682,0,3,3,3,0,3,3
2683,2,0,2,0,4,2,0
2684,2,3,4,4,4,2,1
2685,0,0,4,1,4,1,1
2686,0,3,0,1,2,1,2
2687,2,2,0,0,0,3,1
2688,1,1,4,2,0,2,0
2689,1,3,2,1,1,1,0
2690,2,0,4,4,0,3,4
2691,0,4,1,2,3,1,1
2692,1,0,0,2,0,0,2
2693,4,4,3,2,2,4,4
2694,3,0,0,3,2,0,0
2695,3,2,2,1,0,2,2
2696,1,1,1,2,0,4,3
2697,0,3,4,0,0,0,2
2698,3,0,2,1,1,2,3
2699,0,2,0,0,0,2,1
2700,0,4,0,3,0,2,4
2701,2,3,0,1,4,3,0
2702,4,2,1,3,3,0,2
2703,3,4,3,0,4,3,0
2704,3,3,1,1,0,1,4
2705,2,1,0,2,4,1,4
2706,0,0,2,2,0,1,4
2707,1,1,0,0,0,1,0
2708,0,4,0,3,0,0,0
2709,3,0,2,2,3,2,2
2710,1,4,3,0,0,0,2
2711,4,4,2,3,0,1,1
2712,1,0,0,3,3,0,1
2713,1,4,0,0,4,3,1
2714,3,1,0,0,1,2,4
2715,4,4,0,0,4,3,2
2716,2,0,3,3,0,4,3
2717,3,0,0,0,1,3,4
2718,0,3,0,2,0,4,1
2719,0,0,0,1,1,2,3
2720,2,1,1,0,0,4,0
2721,1,4,4,3,1,4,0
2722,2,0,0,0,1,4,2
2723,0,1,0,4,3,1,1
2724,3,4,1,2,1,0,0
2725,3,0,0,1,4,0,3
2726,1,0,3,0,3,0,0
2727,2,0,4,3,0,1,1
2728,1,4,3,1,2,1,1
2729,4,1,0,1,1,1,1
2730,3,2,0,3,0,2,4
2731,3,3,2,2,2,3,2
2732,1,1,3,4,0,4,1
2733,1,0,3,0,4,1,4
2734,2,4,3,0,3,1,3
2735,2,4,0,3,3,2,1
2736,4,4,3,2,1,2,3
2737,1,4,1,3,0,0,1
2738,3,0,2,0,3,0,2
2739,0,0,0,3,4,4,2
2740,0,1,0,4,4,3,0
2741,0,0,2,2,3,3,1
2742,2,4,0,1,3,0,1
2743,0,1,2,0,1,1,3
2744,0,3,1,4,2,0,2
2745,0,2,4,1,0,1,4
2746,2,3,0,1,0,3,2
2747,3,1,2,4,1,3,1
2748,1,1,4,3,0,1,0
2749,3,0,1,4,0,2,2
2750,1,4,1,2,2,1,2
2751,2,0,0,0,0,2,0
2752,4,1,0,0,2,1,4
2753,2,4,1,2,2,0,0
2754,1,0,0,1,2,2,4
2755,1,2,3,3,0,0,0
2756,0,3,1,3,2,3,2
2757,3,0,3,1,1,1,3
2758,1,2,3,2,3,4,4
2759,4,0,4,2,0,4,3
2760,0,4,1,1,0,3,0
2761,2,0,4,1,1,2,1
2762,1,1,1,4,0,3,2
2763,0,3,1,1,1,4,1
2764,1,3,0,2,2,0,1
2765,2,2,1,4,4,4,0
2766,1,3,0,0,0,0,0
2767,3,1,0,0,2,4,4
2768,3,1,2,0,0,1,0
2769,3,1,1,1,2,0,2
2770,2,4,0,1,2,4,3
2771,4,2,1,3,4,0,1
2772,1,0,2,0,2,2,1
2773,3,0,3,2,1,4,3
2774,2,1,3,1,0,4,2
2775,4,0,1,2,1,0,3
2776,4,0,1,3,3,2,0
2777,4,1,0,3,1,0,1
2778,1,2,0,2,3,4,1
2779,1,0,2,0,2,0,1
2780,0,1,4,4,3,4,1
2781,0,1,4,0,4,1,0
2782,1,2,0,0,1,2,4
2783,2,3,2,4,0,3,1
2784,2,4,0,4,1,0,1
2785,2,0,4,2,0,1,3
2786,1,1,0,4,3,0,2
2787,1,0,3,4,0,4,1
2788,2,0,4,2,1,2,0
2789,3,4,1,2,2,4,2
2790,0,0,3,1,1,2,2
2791,3,4,3,1,3,2,3
2792,2,2,0,4,3,0,1
2793,0,1,3,0,3,0,2
2794,3,0,1,0,0,2,3
2795,1,1,1,0,4,1,2
2796,3,4,1,3,4,0,1
2797,1,1,2,0,1,1,1
2798,3,4,1,0,0,0,2
2799,1,2,1,3,0,1,1
2800,3,1,1,1,0,1,3
2801,4,1,3,0,2,2,4
2802,1,0,4,4,0,3,0
2803,3,4,0,0,2,4,1
2804,0,1,0,4,0,4,2
2805,1,3,1,0,1,2,4
2806,2,1,3,1,2,1,2
2807,4,4,0,4,0,0,1
2808,1,0,2,1,1,2,0
2809,0,4,1,1,4,1,1
2810,3,4,0,3,0,0,2
2811,2,3,1,2,4,3,0
2812,1,2,0,3,0,3,2
2813,3,4,4,1,1,3,3
2814,4,0,4,0,3,3,2
2815,1,1,0,3,3,2,2
2816,4,1,2,2,2,0,0
2817,1,1,3,3,0,1,2
2818,3,0,0,3,0,2,0
2819,2,4,1,4,3,1,4
2820,4,3,3,4,1,2,0
2821,4,2,0,4,0,2,1
2822,3,4,2,4,0,3,4
2823,3,4,4,4,0,3,2
2824,3,2,4,1,0,1,3
2825,3,0,0,2,1,2,0
2826,1,1,0,1,4,4,1
2827,3,3,3,0,4,3,1
2828,0,3,0,4,2,0,1
2829,1,0,4,3,1,0,4
2830,2,2,1,2,4,1,2
2831,1,1,1,0,2,0,1
2832,3,0,1,0,2,3,0
2833,1,2,0,1,0,0,0
2834,1,3,0,0,0,3,0
2835,4,0,1,1,0,2,4
2836,4,0,1,2,1,0,0
2837,0,3,0,3,0,0,1
2838,3,0,0,1,1,0,4
2839,4,1,3,1,1,2,3
2840,2,3,2,1,4,0,0
2841,4,0,0,0,0,3,0
2842,2,3,3,3,3,0,1
2843,1,3,1,0,1,0,3
2844,2,4,2,0,0,1,3
2845,4,0,3,1,1,1,0
2846,0,4,4,1,4,4,1
2847,2,0,1,1,0,0,0
2848,4,0,3,4,3,0,1
2849,2,3,2,2,3,3,0
2850,0,2,0,2,4,4,1
2851,3,0,0,1,1,1,0
2852,2,1,3,1,1,2,1
2853,2,0,4,1,1,2,1
2854,1,0,4,1,4,0,2
2855,1,2,0,4,1,0,2
2856,4,1,0,2,4,2,1
2857,4,0,0,3,0,3,3
2858,2,1,3,2,2,1,4
2859,1,4,3,0,4,1,2
2860,0,3,3,0,0,0,0
2861,1,4,0,0,0,0,1
2862,2,2,2,4,3,1,0
2863,1,0,4,0,1,4,0
2864,2,3,4,4,3,0,3
2865,1,0,1,2,0,2,1
2866,3,4,4,1,3,0,2
2867,3,1,1,2,3,3,4
2868,2,2,3,2,0,2,0
2869,1,1,1,2,2,1,4
2870,2,4,0,0,2,0,3
2871,3,0,2,0,2,0,0
2872,3,0,4,1,0,3,3
2873,0,0,2,0,0,3,2
2874,3,3,0,1,1,3,1
2875,2,4,1,2,3,2,3
2876,2,4,0,0,0,3,0
2877,4,3,1,4,1,2,1
2878,1,0,2,1,4,3,2
2879,1,4,0,1,1,1,3
2880,1,0,4,1,3,3,2
2881,2,1,1,0,2,4,4
2882,1,0,0,2,1,1,0
2883,2,2,1,3,1,3,1
2884,3,4,3,3,0,0,0
2885,3,2,3,3,1,4,1
2886,1,1,2,1,0,4,0
2887,4,0,0,4,1,0,2
2888,0,2,3,3,3,0,4
2889,0,3,0,0,0,1,0
2890,0,1,0,0,0,1,1
2891,3,2,4,3,2,0,2
2892,3,2,4,0,0,3,3
2893,0,2,3,4,1,1,2
2894,2,3,1,4,2,2,2
2895,1,0,1,3,3,2,1
2896,1,0,2,3,4,3,4
2897,4,0,4,0,3,1,1
2898,2,2,2,1,1,3,1
2899,2,4,3,0,3,1,1
2900,1,0,1,1,1,3,3
2901,4,0,1,4,0,3,3
2902,0,4,0,2,0,0,1
2903,3,1,3,0,0,1,0
2904,2,1,2,0,2,0,0
2905,0,3,2,2,3,4,0
2906,0,3,0,2,2,0,0
2907,1,4,2,2,4,0,4
2908,2,4,3,3,4,2,4
2909,0,0,4,2,1,4,0
2910,3,1,4,0,0,0,0
2911,3,3,2,3,3,4,1
2912,0,1,0,4,2,1,4
2913,4,0,3,0,0,2,0
2914,4,4,4,1,4,2,4
2915,1,1,1,3,4,4,1
2916,3,3,2,4,0,3,1
2917,2,0,2,1,0,3,0
2918,1,1,0,0,2,2,3
2919,1,0,0,4,1,2,0
2920,0,0,0,2,2,2,4
2921,2,0,3,2,3,4,0
2922,1,4,4,4,0,0,1
2923,4,3,1,0,4,3,4
2924,1,0,4,2,0,0,0
2925,3,3,0,0,2,0,3
2926,3,1,4,3,0,3,1
2927,3,3,1,0,2,1,1
2928,1,3,0,3,1,3,1
2929,1,3,1,3,4,2,3
2930,0,1,1,2,4,3,1
2931,1,0,2,2,1,4,2
2932,3,0,4,4,0,0,3
2933,4,3,0,1,2,2,0
2934,1,3,4,4,2,4,3
2935,4,0,4,1,3,0,0
2936,4,0,1,1,1,4,2
2937,3,0,1,2,0,4,0
2938,0,0,3,0,1,4,1
2939,0,3,0,3,2,0,3
2940,3,0,4,3,2,1,1
2941,3,0,3,1,1,1,2
2942,2,0,0,1,3,0,2
2943,3,2,0,0,0,0,1
2944,2,0,4,0,4,0,1
2945,4,3,0,3,2,4,1
2946,0,4,2,4,3,4,3
2947,2,0,1,0,4,1,4
2948,4,3,4,0,2,0,3
2949,3,0,0,0,3,2,0
2950,0,1,3,4,2,1,4
2951,2,0,0,3,4,0,0
2952,2,0,2,0,3,2,0
2953,2,0,4,1,2,1,4
2954,1,1,0,1,0,1,1
2955,2,0,2,0,1,4,2
2956,1,4,0,4,4,3,3
2957,1,2,3,1,0,4,1
2958,0,1,0,0,3,2,2
2959,1,2,0,2,1,2,3
2960,4,2,0,1,4,3,1
2961,2,4,1,1,2,0,1
2962,3,2,3,3,3,0,2
2963,0,1,2,0,0,4,3
2964,4,3,0,1,3,0,1
2965,3,0,2,1,2,3,1
2966,0,0,4,4,0,4,1
2967,2,2,0,0,0,3,0
2968,2,0,0,2,0,0,0
2969,2,2,3,4,2,0,2
2970,0,1,3,2,3,0,1
2971,4,4,0,3,1,2,1
2972,1,4,0,4,3,4,2
2973,0,2,0,4,3,1,1
2974,2,1,0,4,2,3,4
2975,3,4,3,2,4,4,4
2976,1,2,1,1,4,1,4
2977,4,1,1,2,0,1,0
2978,2,0,0,2,2,3,4
2979,3,4,4,1,4,4,1
2980,4,4,0,0,0,3,1
2981,3,3,0,2,1,3,1
2982,3,0,4,4,0,1,3
2983,2,0,4,0,0,0,1
2984,1,0,4,2,0,1,0
2985,1,0,0,3,3,2,1
2986,1,0,3,2,4,3,2
2987,2,4,2,3,1,3,4
2988,1,2,3,2,1,2,0
2989,1,0,2,0,4,4,4
2990,3,0,0,2,1,3,3
2991,3,3,0,0,1,0,3
2992,2,0,3,2,2,3,0
2993,1,4,0,4,1,2,4
2994,1,0,0,1,0,0,4
2995,2,0,1,1,2,3,4
2996,4,0,2,0,2,0,1
2997,0,3,0,0,3,0,1
2998,2,0,0,0,4,1,0
2999,0,1,0,4,2,0,4
3000,2,4,2,2,1,3,0
3001,1,2,0,2,3,4,4
3002,2,2,0,0,3,3,2
3003,2,0,0,4,0,2,2
3004,2,2,1,2,4,4,4
3005,3,1,1,1,0,0,0
3006,0,0,4,3,0,0,0
3007,2,0,1,4,1,3,0
3008,1,3,3,2,1,0,4
3009,0,3,0,2,2,0,1
3010,1,2,0,2,0,0,1
3011,4,1,4,4,4,3,4
3012,0,4,1,2,3,0,1
3013,4,2,0,4,3,0,3
3014,1,3,4,4,0,3,0
3015,3,3,0,3,0,4,3
3016,2,1,2,0,3,4,0
3017,4,2,0,2,2,0,3
3018,1,1,0,1,1,4,0
3019,0,0,0,4,3,0,0
3020,2,0,0,4,1,3,1
3021,1,0,0,2,1,2,0
3022,1,2,4,1,0,3,0
3023,2,0,1,1,1,3,3
3024,3,4,2,4,0,0,3
3025,1,0,0,0,3,4,4
3026,1,2,4,4,4,4,4
3027,4,0,1,0,1,4,1
3028,4,0,3,0,1,3,1
3029,4,2,2,0,1,4,2
3030,3,0,2,2,3,1,0
3031,1,3,0,3,3,1,1
3032,1,3,0,0,0,0,1
3033,1,2,1,2,1,2,2
3034,1,1,2,3,3,1,1
3035,1,4,1,0,1,1,0
3036,0,0,3,3,0,4,3
3037,0,4,0,0,0,0,2
3038,4,4,0,1,2,0,3
3039,0,3,2,0,4,1,0
3040,3,2,0,0,0,4,0
3041,4,0,0,3,3,3,0
3042,2,2,0,2,3,3,2
3043,1,3,0,4,0,0,3
3044,3,4,4,3,4,0,0
3045,0,0,0,1,0,0,2
3046,4,1,1,2,0,1,4
3047,2,4,2,3,4,0,0
3048,2,0,4,1,4,3,2
3049,3,0,1,1,3,0,3
3050,2,1,2,1,3,4,2
3051,0,0,1,1,1,1,1
3052,1,0,0,2,0,1,4
3053,2,1,4,1,2,0,3
3054,3,1,2,2,0,0,4
3055,0,2,3,4,3,0,2
3056,1,2,4,2,2,3,2
3057,3,2,0,1,3,3,1
3058,1,4,2,1,4,1,1
3059,2,2,3,1,2,0,0
3060,4,1,0,4,3,4,4
3061,1,2,0,0,0,3,0
3062,0,4,0,1,4,0,2
3063,3,1,0,2,4,2,2
3064,2,2,3,0,0,4,0
3065,1,2,0,2,4,0,4
3066,1,0,2,4,3,0,1
3067,1,3,0,1,1,1,2
3068,3,2,0,0,3,0,3
3069,2,1,1,2,0,0,0
3070,3,4,1,1,0,0,4
3071,1,0,0,3,2,2,3
3072,3,2,4,1,1,4,0
3073,2,0,2,4,1,3,1
3074,3,0,4,2,3,1,1
3075,1,0,4,1,3,1,3
3076,3,0,1,3,2,0,4
3077,4,2,1,1,0,4,1
3078,4,0,4,4,0,3,3
3079,4,4,0,3,1,1,0
3080,1,4,4,1,1,4,2
3081,1,2,0,0,0,3,4
3082,3,0,0,4,2,3,4
3083,2,0,1,3,1,0,0
3084,0,0,1,0,1,3,2
3085,2,0,4,4,1,1,3
3086,1,3,0,0,3,1,2
3087,3,2,3,0,0,2,3
3088,4,0,4,1,3,0,0
3089,3,4,4,4,1,0,2
3090,4,1,3,4,0,0,1
3091,1,1,2,0,0,3,2
3092,4,4,3,1,0,0,3
3093,2,0,1,2,3,3,1
3094,1,0,3,0,2,4,2
3095,0,1,4,2,0,0,0
3096,0,1,4,0,4,2,1
3097,0,4,4,1,2,3,3
3098,0,0,0,2,3,1,2
3099,1,0,3,2,1,2,0
3100,3,2,1,3,0,0,2
3101,3,2,4,4,0,0,3
3102,1,2,3,3,0,0,2
3103,1,3,2,4,3,4,2
3104,0,3,1,2,1,4,2
3105,3,3,4,3,1,0,0
3106,3,2,0,4,4,1,4
3107,4,0,4,1,0,3,3
3108,1,3,0,1,4,0,4
3109,1,1,3,4,0,2,2
3110,0,0,1,2,0,0,3
3111,0,0,0,3,3,1,2
3112,3,3,0,1,2,1,3
3113,1,0,2,3,2,0,3
3114,0,1,2,2,2,2,0
3115,4,3,0,0,2,0,0
3116,3,0,1,3,4,0,0
3117,4,0,0,2,3,3,0
3118,1,0,3,4,4,4,4
3119,4,4,0,1,4,3,1
3120,2,4,1,4,1,3,2
3121,3,3,1,0,0,2,1
3122,4,4,0,0,2,0,3
3123,3,2,1,0,2,0,3
3124,3,3,0,1,2,1,1
3125,4,0,2,4,4,4,1
3126,4,2,0,3,2,0,3
3127,4,0,3,0,1,1,1
3128,2,4,3,2,0,0,1
3129,2,0,4,3,4,4,1
3130,1,2,0,4,0,0,1
3131,2,3,0,0,3,4,4
3132,1,1,1,3,3,2,0
3133,4,1,4,4,1,4,0
3134,1,0,4,4,2,2,0
3135,1,0,0,2,0,0,1
3136,1,4,3,3,1,1,1
3137,2,0,2,1,0,3,1
3138,3,2,2,4,2,0,0
3139,1,4,3,3,0,2,3
3140,0,2,0,4,4,4,1
3141,0,2,2,0,2,2,1
3142,4,3,3,1,0,3,2
3143,0,4,3,2,3,0,0
3144,3,2,3,1,4,3,0
3145,4,4,4,0,1,0,2
3146,2,4,0,3,0,4,3
3147,2,4,1,2,0,3,0
3148,1,4,3,2,0,1,4
3149,3,0,1,4,4,3,0
3150,3,1,0,1,1,0,0
3151,4,1,3,4,4,4,1
3152,0,0,2,1,2,0,0
3153,0,3,1,1,1,1,0
3154,3,0,2,2,0,4,1
3155,1,0,4,0,3,1,0
3156,2,4,2,3,2,3,2
3157,3,3,1,4,3,0,4
3158,0,1,0,1,1,0,3
3159,2,4,1,0,0,3,4
3160,4,2,1,0,0,1,4
3161,2,1,0,2,2,0,3
3162,0,0,3,4,4,2,2
3163,4,3,0,2,1,2,4
3164,1,0,1,1,3,0,0
3165,2,3,0,2,0,1,1
3166,2,2,4,1,2,0,2
3167,0,1,3,4,4,1,1
3168,0,0,4,1,2,3,3
3169,0,4,2,1,0,4,0
3170,1,0,2,0,1,1,2
3171,3,4,3,0,3,3,3
3172,1,0,3,1,1,4,4
3173,0,0,1,2,4,3,1
3174,2,1,0,4,1,0,0
3175,2,1,4,1,1,1,3
3176,2,3,1,0,2,1,2
3177,0,2,0,0,4,0,1
3178,1,4,2,4,0,2,1
3179,1,4,0,1,0,1,0
3180,0,1,0,1,2,3,2
3181,4,2,3,0,1,1,0
3182,0,3,1,4,4,0,0
3183,3,2,3,0,2,2,0
3184,2,0,0,1,1,4,1
3185,2,2,3,0,0,2,4
3186,0,2,0,1,0,0,4
3187,4,2,1,1,1,3,0
3188,1,0,4,0,3,3,1
3189,4,1,1,2,1,4,1
3190,1,4,0,3,4,3,0
3191,1,1,1,1,2,4,0
3192,3,4,0,0,0,1,0
3193,0,2,1,4,1,3,3
3194,0,2,4,1,0,1,0
3195,4,3,2,0,3,3,1
3196,2,0,2,3,0,1,3
3197,1,1,0,3,3,3,2
3198,1,0,4,4,0,4,1
3199,1,2,2,3,0,4,1
3200,0,3,0,2,0,1,4
3201,0,1,1,0,2,0,1
3202,1,2,4,2,3,1,1
3203,2,2,1,1,0,0,1
3204,1,3,1,4,4,0,2
3205,2,0,1,2,4,1,1
3206,4,0,0,1,4,4,2
3207,1,2,1,1,2,0,4
3208,4,4,1,4,0,4,1
3209,2,0,4,0,0,1,0
3210,1,0,0,2,3,4,0
3211,1,0,0,2,2,3,3
3212,1,2,4,4,1,2,2
3213,0,2,4,4,0,0,0
3214,0,4,0,0,2,3,1
3215,2,0,0,0,1,3,0
3216,4,4,0,0,1,4,1
3217,2,1,0,2,2,0,2
3218,2,4,3,4,2,3,0
3219,4,2,0,1,3,2,2
3220,2,3,4,1,2,3,1
3221,1,0,4,4,0,1,4
3222,4,0,4,0,2,3,2
3223,0,0,2,0,4,2,3
3224,1,2,1,0,0,4,1
3225,3,4,2,4,0,2,3
3226,0,3,1,4,3,0,1
3227,1,1,2,2,4,0,0
3228,3,0,3,1,3,3,1
3229,1,4,2,1,3,0,0
3230,3,1,0,3,1,4,3
3231,2,0,2,4,0,0,1
3232,1,2,0,1,1,4,2
3233,0,2,0,1,0,3,3
3234,2,0,3,3,0,0,1
3235,0,1,3,1,1,0,4
3236,0,0,0,0,3,4,1
3237,1,1,0,0,3,2,2
3238,3,0,0,1,2,4,3
3239,0,3,4,4,1,0,1
3240,1,3,4,3,4,4,2
3241,0,1,1,3,0,0,1
3242,3,4,0,1,4,4,0
3243,4,0,0,1,0,1,0
3244,2,1,0,0,0,0,0
3245,0,0,1,2,0,0,2
3246,1,3,0,2,3,2,2
3247,3,4,1,2,0,0,0
3248,0,0,0,0,0,2,1
3249,0,2,0,1,2,1,3
3250,4,0,2,0,4,0,4
3251,0,4,1,1,0,4,4
3252,0,1,1,1,4,1,0
3253,2,0,0,4,0,1,1
3254,1,3,2,2,3,1,3
3255,3,0,1,0,4,2,0
3256,1,3,3,1,1,3,2
3257,3,0,4,3,1,3,1
3258,1,4,2,1,4,0,4
3259,1,1,1,4,0,0,0
3260,4,3,1,2,3,0,0
3261,0,2,3,1,1,0,1
3262,2,0,0,0,1,3,0
3263,4,0,2,4,1,3,0
3264,0,2,1,1,2,0,0
3265,1,1,2,1,3,0,1
3266,0,2,4,1,4,1,0
3267,2,0,0,3,1,3,1
3268,2,0,0,4,1,2,1
3269,4,4,4,2,4,2,0
3270,0,0,0,0,1,2,0
3271,3,0,2,0,3,4,2
3272,1,4,4,3,1,3,0
3273,0,0,2,2,1,0,2
3274,2,0,0,4,2,4,0
3275,2,0,4,1,4,4,3
3276,0,0,0,0,1,2,3
3277,4,0,0,3,0,3,3
3278,1,3,4,3,0,0,2
3279,2,0,0,0,4,0,0
3280,3,3,4,0,3,3,2
3281,0,0,4,2,2,2,0
3282,4,2,2,0,0,0,3
3283,2,0,1,3,1,1,4
3284,4,0,2,0,0,2,2
3285,2,4,4,0,0,4,0
3286,0,3,1,1,0,4,1
3287,2,2,0,2,0,0,1
3288,3,3,3,3,3,3,4
3289,3,3,3,0,2,2,2
3290,2,2,4,0,1,2,3
3291,1,4,4,2,3,4,1
3292,4,0,4,3,0,4,0
3293,1,2,1,0,4,2,0
3294,4,4,4,0,0,1,4
3295,4,4,4,4,0,0,3
3296,1,4,1,3,3,3,1
3297,2,2,2,4,0,0,3
3298,4,4,1,2,2,2,3
3299,1,1,0,1,2,4,4
3300,2,1,1,1,3,0,0
3301,4,0,3,1,2,1,1
3302,3,1,1,4,4,0,3
3303,2,1,3,0,3,0,1
3304,3,1,2,3,0,0,0
3305,1,0,4,4,3,3,3
3306,4,3,1,0,1,3,3
3307,3,2,1,0,0,0,3
3308,1,4,0,1,1,3,2
3309,4,4,0,3,3,0,2
3310,1,4,0,0,4,0,2
3311,2,0,3,1,3,0,2
3312,3,1,0,3,2,3,4
3313,2,0,3,0,0,0,4
3314,0,0,2,0,1,2,4
3315,1,1,1,4,2,0,4
3316,2,2,3,1,2,1,3
3317,1,3,1,1,1,2,1
3318,0,3,3,1,1,3,3
3319,1,1,0,1,4,1,2
3320,2,3,3,4,3,4,3
3321,0,3,2,0,1,4,1
3322,3,0,1,4,3,1,3
3323,1,3,4,2,2,3,0
3324,1,2,2,4,0,3,0
3325,0,3,1,4,1,2,1
3326,0,1,3,0,4,3,4
3327,2,3,2,1,0,3,3
3328,4,4,3,1,4,1,2
3329,1,4,4,2,0,3,2
3330,1,0,4,0,0,1,4
3331,2,2,2,0,2,3,0
3332,4,0,4,2,0,3,1
3333,3,2,1,1,0,4,2
3334,3,4,1,3,4,1,0
3335,4,2,1,4,1,0,4
3336,2,0,4,4,0,3,3
3337,3,3,0,4,2,4,0
3338,2,0,3,3,3,4,4
3339,1,2,0,2,2,3,4
3340,4,1,0,0,0,0,0
3341,4,4,1,4,0,1,0
3342,4,2,3,1,0,0,1
3343,1,2,2,1,0,0,1
3344,1,4,4,4,2,0,3
3345,0,4,3,3,1,1,2
3346,0,0,1,2,3,2,3
3347,2,3,4,0,3,2,4
3348,1,4,1,0,1,1,1
3349,3,0,2,4,3,3,2
3350,1,0,0,3,2,0,3
3351,2,0,2,2,4,2,2
3352,4,1,0,3,2,1,0
3353,2,1,1,3,1,2,0
3354,0,2,3,1,4,1,1
3355,4,4,2,1,4,1,0
3356,2,2,0,3,2,2,3
3357,3,0,1,0,0,1,3
3358,2,0,0,4,3,4,3
3359,3,0,1,1,0,4,4
3360,0,0,3,1,4,4,1
3361,2,3,3,3,3,2,1
3362,2,0,2,4,1,3,2
3363,4,0,2,2,0,2,4
3364,4,2,3,0,0,3,0
3365,1,3,0,0,4,0,0
3366,4,1,0,1,3,2,3
3367,0,2,3,1,1,4,1
3368,1,1,2,2,1,3,3
3369,1,2,0,1,4,1,1
3370,1,0,0,2,2,1,1
3371,4,4,2,2,2,3,2
3372,2,4,3,0,2,4,4
3373,0,2,2,2,4,4,3
3374,4,0,2,4,1,4,0
3375,0,0,2,0,1,0,0
3376,2,0,2,2,1,3,0
3377,1,1,4,1,0,1,1
3378,2,2,0,3,2,1,0
3379,3,4,3,2,3,2,0
3380,4,1,4,1,2,1,4
3381,3,1,4,2,3,0,3
3382,4,4,4,0,3,4,0
3383,0,1,4,0,0,1,1
3384,4,2,2,3,3,0,0
3385,2,4,2,3,0,1,1
3386,1,1,4,3,0,3,3
3387,4,2,4,2,0,1,1
3388,4,0,1,2,3,1,4
3389,3,1,4,1,0,1,3
3390,2,0,0,4,0,3,0
3391,0,2,3,3,3,2,3
3392,0,3,0,1,4,4,2
3393,3,3,0,0,4,0,2
3394,1,0,3,3,0,1,4
3395,1,1,1,3,2,3,3
3396,1,1,4,3,3,4,1
3397,1,2,1,1,4,3,2
3398,0,4,3,3,0,0,0
3399,1,3,1,3,2,0,2
3400,0,1,3,0,0,1,1
3401,0,3,0,4,0,1,1
3402,0,1,4,3,1,1,0
3403,1,4,1,2,4,4,2
3404,3,3,2,1,1,3,4
3405,2,3,2,4,2,1,0
3406,3,2,3,2,0,1,1
3407,2,4,1,0,0,2,1
3408,0,1,0,3,0,1,0
3409,2,0,2,3,3,1,1
3410,2,1,0,3,0,0,2
3411,1,3,2,4,1,1,4
3412,4,4,1,3,2,0,3
3413,3,0,0,2,0,2,2
3414,0,0,3,4,4,3,2
3415,3,3,1,3,0,2,0
3416,2,1,0,1,4,4,0
3417,2,3,1,3,2,1,1
3418,4,3,1,4,3,2,2
3419,1,1,2,4,2,2,1
3420,0,2,0,4,3,1,4
3421,4,1,2,0,0,1,0
3422,1,0,0,0,1,3,1
3423,4,0,1,2,2,0,0
3424,1,3,4,1,4,0,3
3425,4,0,3,0,2,3,0
3426,1,3,0,2,0,2,2
3427,1,0,3,1,3,2,2
3428,1,2,4,3,1,1,1
3429,4,0,1,2,2,0,2
3430,1,0,1,1,0,0,2
3431,3,2,3,1,2,4,3
3432,2,1,0,1,0,2,4
3433,0,1,1,2,1,1,4
3434,4,0,0,2,0,1,2
3435,2,3,1,4,1,1,2
3436,3,1,1,0,1,4,0
3437,3,0,0,4,2,2,0
3438,2,0,4,4,0,3,1
3439,0,4,1,4,3,2,1
3440,4,3,2,0,1,0,2
3441,0,0,1,1,4,1,0
3442,0,1,3,0,0,2,3
3443,0,0,0,0,4,1,4
3444,2,3,3,1,2,1,2
3445,4,1,2,0,3,2,2
3446,2,0,1,4,1,4,3
3447,2,0,4,3,2,4,0
3448,3,0,3,0,0,0,1
3449,1,0,1,3,4,1,0
3450,4,0,0,0,0,0,2
3451,3,1,0,0,2,2,0
3452,4,4,4,1,2,3,4
3453,3,4,4,3,0,4,1
3454,2,3,1,2,1,0,1
3455,3,3,0,1,0,3,1
3456,4,1,3,3,2,3,2
3457,4,0,2,2,3,3,0
3458,0,0,1,4,3,3,4
3459,3,1,1,3,3,3,3
3460,3,1,1,2,1,1,0
3461,2,2,2,0,1,3,4
3462,1,0,0,2,1,2,4
3463,1,0,2,2,4,3,0
3464,1,0,3,2,4,3,0
3465,2,0,0,4,0,0,3
3466,2,4,2,0,0,0,2
3467,3,4,0,3,0,1,3
3468,2,0,4,0,1,0,1
3469,3,2,3,0,0,3,1
3470,2,0,4,4,0,3,4
3471,0,0,0,1,2,4,2
3472,1,3,4,4,3,4,0
3473,2,0,2,3,0,1,3
3474,2,2,2,0,4,0,3
3475,2,2,0,1,2,3,0
3476,0,1,3,0,1,1,2
3477,4,3,2,4,0,2,1
3478,2,1,3,2,1,3,0
3479,1,3,1,3,2,3,0
3480,3,4,3,1,3,0,1
3481,1,2,0,1,1,1,1
3482,4,0,1,2,2,3,4
3483,1,0,1,1,3,0,0
3484,2,3,1,1,3,4,4
3485,4,0,1,0,3,3,4
3486,3,0,4,0,0,1,3
3487,2,3,4,4,0,0,1
3488,2,0,4,4,3,1,1
3489,2,2,0,2,4,1,2
3490,3,4,2,3,0,2,1
3491,0,2,3,4,3,0,0
3492,1,4,4,0,0,4,4
3493,0,2,0,0,0,1,4
3494,2,3,0,1,0,4,0
3495,0,3,1,2,4,2,4
3496,1,3,3,2,1,4,1
3497,1,2,0,0,0,4,0
3498,4,4,3,0,4,1,2
3499,3,0,3,2,3,2,4
3500,3,0,2,0,0,3,1
3501,3,0,3,3,1,2,2
3502,4,0,4,0,3,2,4
3503,2,4,0,0,2,1,2
3504,2,2,1,2,0,0,0
3505,0,1,2,0,3,0,1
3506,3,0,4,4,2,3,2
3507,0,0,1,4,0,4,1
3508,2,3,0,1,2,1,3
3509,0,0,2,0,4,3,4
3510,3,4,0,0,0,3,0
3511,4,0,4,1,3,3,1
3512,1,1,0,2,2,4,3
3513,2,1,2,4,0,0,1
3514,1,1,0,0,3,3,2
3515,0,1,4,0,2,1,2
3516,1,1,0,1,3,1,4
3517,2,0,0,1,3,4,3
3518,1,0,4,0,1,0,3
3519,3,0,0,1,4,1,3
3520,3,4,2,0,2,0,0
3521,1,0,1,1,4,2,3
3522,1,2,4,3,1,4,0
3523,3,0,2,1,0,0,1
3524,2,3,2,1,2,1,2
3525,0,1,4,4,3,0,3
3526,2,1,4,1,4,1,3
3527,3,3,3,1,1,2,3
3528,1,4,3,2,4,2,2
3529,2,2,2,4,4,3,4
3530,1,0,4,4,2,4,1
3531,4,3,1,3,1,0,0
3532,1,0,2,4,1,4,4
3533,1,1,0,2,0,0,0
3534,2,4,4,3,0,1,1
3535,0,1,0,1,2,2,3
3536,4,4,2,4,0,3,0
3537,4,3,2,0,2,3,3
3538,2,1,0,3,1,0,4
3539,2,0,0,1,3,1,0
3540,1,0,2,0,3,0,2
3541,2,0,3,4,3,4,2
3542,4,4,4,1,1,4,1
3543,2,0,3,2,4,0,2
3544,1,3,3,0,4,3,4
3545,4,1,0,0,4,3,3
3546,3,4,4,4,0,3,0
3547,1,4,4,3,2,1,0
3548,4,0,4,2,1,4,0
3549,3,3,3,4,0,4,4
3550,3,0,3,1,3,0,3
3551,2,2,0,2,3,0,0
3552,1,0,4,2,3,4,4
3553,3,3,2,1,1,0,0
3554,0,4,1,3,4,0,2
3555,0,3,0,1,1,0,1
3556,1,1,0,1,4,4,3
3557,0,0,0,0,4,3,1
3558,1,0,0,2,2,4,3
3559,3,2,0,1,4,4,4
3560,0,0,2,0,0,4,0
3561,0,0,4,3,0,1,4
3562,3,0,2,2,0,2,2
3563,4,3,2,0,0,1,1
3564,4,4,0,1,4,0,0
3565,3,1,2,1,0,0,2
3566,1,4,4,3,0,2,1
3567,3,2,3,1,2,2,2
3568,1,4,3,0,3,4,0
3569,4,1,2,0,0,4,2
3570,1,0,3,0,0,0,1
3571,3,2,1,1,0,3,1
3572,0,3,0,3,2,3,3
3573,4,2,2,2,4,2,0
3574,4,0,1,3,1,2,4
3575,1,0,0,2,4,1,3
3576,2,0,0,1,0,4,3
3577,3,4,2,1,4,0,0
3578,3,2,1,0,2,4,3
3579,2,0,3,1,2,3,1
3580,1,1,3,1,4,2,0
3581,1,0,2,1,0,2,2
3582,3,4,4,4,1,3,1
3583,2,0,3,1,1,1,3
3584,2,0,2,1,4,3,3
3585,2,1,4,4,0,3,2
3586,2,3,2,2,0,0,3
3587,1,0,1,0,1,1,4
3588,1,3,1,1,2,0,1
3589,2,2,0,3,1,3,1
3590,0,1,3,1,3,2,1
3591,2,0,3,0,0,2,0
3592,3,2,0,2,1,0,3
3593,4,0,0,1,1,0,1
3594,3,2,2,0,2,3,2
3595,1,0,2,4,1,0,3
3596,1,0,1,1,3,4,4
3597,0,4,0,2,3,2,0
3598,1,0,4,0,3,4,4
3599,3,0,0,1,0,1,4
3600,3,0,2,2,0,0,1
3601,4,0,3,0,0,3,0
3602,1,0,1,1,0,0,1
3603,4,2,0,0,0,2,1
3604,4,0,0,2,0,2,2
3605,2,3,0,4,1,2,1
3606,1,0,4,0,1,3,1
3607,2,3,0,0,0,2,2
3608,4,1,1,3,1,2,1
3609,0,3,1,0,2,0,1
3610,0,0,4,0,0,4,1
3611,2,4,3,3,4,0,1
3612,4,0,1,3,0,0,3
3613,1,1,4,3,3,1,2
3614,3,3,0,4,1,3,3
3615,2,0,0,0,3,3,4
3616,0,0,0,0,3,0,1
3617,3,0,3,4,1,4,3
3618,0,1,4,2,4,0,4
3619,2,4,2,3,0,3,0
3620,3,2,1,2,0,1,4
3621,3,3,0,4,0,4,1
3622,0,2,0,4,1,0,3
3623,4,0,3,2,0,1,0
3624,0,1,0,4,1,4,1
3625,4,0,2,2,3,2,2
3626,2,1,4,4,1,1,4
3627,3,4,1,1,3,0,3
3628,2,4,4,2,3,3,2
3629,3,0,3,4,2,4,0
3630,2,0,0,1,0,4,0
3631,3,2,4,0,0,0,2
3632,0,1,1,3,0,3,3
3633,3,1,4,0,2,0,1
3634,2,0,4,3,2,1,0
3635,4,4,4,3,0,1,3
3636,2,0,0,1,4,0,0
3637,0,1,3,3,2,1,4
3638,2,2,3,0,0,1,0
3639,1,1,2,1,0,1,1
3640,4,1,0,2,4,4,2
3641,0,1,0,4,2,2,3
3642,2,2,4,1,0,0,3
3643,0,0,4,4,1,1,3
3644,1,1,0,4,0,0,0
3645,3,2,0,4,0,3,3
3646,2,1,3,4,2,2,2
3647,2,0,0,4,1,4,1
3648,3,4,1,3,3,0,1
3649,0,4,0,4,2,3,0
3650,0,2,4,0,4,0,0
3651,0,2,1,0,1,0,3
3652,2,1,2,0,2,0,4
3653,1,4,0,1,0,2,0
3654,1,1,0,0,0,4,0
3655,3,3,0,3,0,0,1
3656,0,4,0,1,1,4,2
3657,4,0,4,4,1,0,1
3658,1,3,1,2,1,2,2
3659,1,0,3,4,3,0,0
3660,4,0,0,3,0,0,3
3661,3,2,1,1,1,1,3
3662,2,4,4,0,4,3,0
3663,0,3,4,0,4,0,3
3664,0,0,3,2,0,0,1
3665,2,3,0,0,4,1,2
3666,3,0,3,2,2,1,0
3667,3,4,4,3,1,0,0
3668,3,4,0,0,4,3,0
3669,1,0,2,4,0,0,3
3670,2,3,4,3,0,0,0
3671,0,3,1,4,1,3,1
3672,2,1,3,4,2,0,1
3673,1,2,2,2,0,4,1
3674,1,2,3,0,4,4,1
3675,4,2,1,0,0,2,1
3676,4,2,1,1,4,1,0
3677,1,1,4,1,1,2,3
3678,1,1,0,0,1,0,1
3679,4,0,3,2,1,4,0
3680,1,2,0,3,0,3,1
3681,3,3,4,3,3,2,2
3682,0,0,3,1,2,0,2
3683,3,0,0,4,0,0,1
3684,4,2,1,1,3,1,2
3685,3,0,0,2,2,2,3
3686,3,0,3,4,0,0,1
3687,2,4,3,0,1,2,1
3688,2,1,3,3,1,0,2
3689,3,0,0,3,4,2,4
3690,2,2,3,3,0,3,2
3691,2,3,1,4,3,1,0
3692,0,3,1,0,3,4,0
3693,3,1,0,0,0,0,2
3694,3,0,0,4,0,1,4
3695,2,1,3,1,2,2,0
3696,0,3,0,0,4,0,1
3697,4,0,0,0,3,0,3
3698,3,3,0,4,4,0,2
3699,3,0,0,1,0,4,2
3700,2,1,0,2,4,2,4
3701,3,2,2,2,3,3,3
3702,4,0,3,3,1,3,3
3703,1,1,4,0,0,2,2
3704,4,3,0,1,4,1,1
3705,1,4,3,1,2,2,0
3706,0,0,1,0,1,4,0
3707,0,0,4,3,3,1,0
3708,3,4,2,0,4,4,1
3709,4,0,0,3,1,0,2
3710,1,2,2,0,0,3,2
3711,0,2,3,3,4,2,4
3712,1,1,3,2,0,2,4
3713,1,3,3,3,0,4,0
3714,2,3,3,1,2,2,0
3715,2,2,1,0,0,1,4
3716,3,3,4,1,3,2,1
3717,2,1,1,2,3,1,2
3718,4,0,4,4,0,0,3
3719,0,0,2,2,2,3,0
3720,1,1,4,3,3,3,0
3721,2,1,4,4,4,1,0
3722,4,3,2,1,4,3,0
3723,1,0,2,0,0,1,3
3724,2,0,2,2,3,3,0
3725,3,4,0,0,0,0,3
3726,0,3,0,0,1,1,0
3727,4,3,3,3,3,1,1
3728,2,0,0,2,3,1,4
3729,3,0,4,1,3,3,2
3730,1,4,1,2,0,1,0
3731,2,3,1,0,4,2,2
3732,2,0,1,0,1,4,3
3733,0,0,3,2,3,3,4
3734,1,1,4,2,1,2,0
3735,3,2,3,3,2,0,4
3736,4,0,0,1,3,3,2
3737,1,2,3,0,0,2,4
3738,1,2,0,3,4,1,2
3739,0,4,4,0,1,0,0
3740,3,0,2,2,0,4,1
3741,2,0,2,1,0,0,4
3742,3,2,3,1,1,4,2
3743,0,0,0,4,1,3,2
3744,1,3,4,1,2,4,0
3745,3,2,3,4,2,0,4
3746,4,2,4,0,2,0,3
3747,3,2,2,0,0,0,1
3748,3,0,4,1,3,1,1
3749,3,1,2,3,2,4,1
3750,0,3,0,1,2,0,2
3751,2,2,3,3,0,4,3
3752,0,1,4,4,4,2,2
3753,2,2,0,4,2,1,1
3754,2,4,3,0,2,0,2
3755,2,3,0,1,4,2,4
3756,1,3,2,1,1,2,3
3757,4,2,2,1,1,4,0
3758,3,2,3,1,4,4,0
3759,3,0,0,3,1,4,0
3760,1,4,3,4,0,2,1
3761,3,2,1,0,2,0,4
3762,0,4,4,4,3,2,1
3763,2,2,3,3,4,0,0
3764,2,0,1,3,0,0,1
3765,3,2,4,4,2,2,2
3766,1,3,0,3,1,2,4
3767,3,2,4,1,1,1,1
3768,0,1,4,0,4,1,0
3769,0,3,4,4,3,3,2
3770,1,1,1,4,0,1,4
3771,2,3,4,1,4,1,3
3772,0,0,1,1,0,4,4
3773,3,3,0,1,0,0,0
3774,0,3,1,0,3,3,0
3775,3,2,3,0,2,3,4
3776,4,2,4,0,1,2,1
3777,4,3,1,3,0,2,3
3778,2,0,1,0,0,2,0
3779,2,2,0,0,3,4,1
3780,3,3,0,1,4,4,1
3781,2,0,3,4,0,2,2
3782,0,1,1,0,1,0,3
3783,4,2,4,1,1,0,0
3784,1,1,0,1,0,2,1
3785,2,3,1,2,2,1,4
3786,3,1,4,2,1,0,3
3787,3,2,0,1,2,0,3
3788,2,2,0,2,4,4,2
3789,1,0,4,0,3,4,2
3790,0,3,1,1,1,0,0
3791,0,4,3,4,1,0,1
3792,2,3,3,3,0,3,0
3793,4,4,3,1,3,1,2
3794,3,0,1,0,1,0,1
3795,1,4,0,2,2,4,2
3796,3,0,0,3,4,1,4
3797,4,4,2,4,3,3,2
3798,2,3,0,1,2,2,2
3799,4,1,4,0,3,4,1
3800,2,1,2,2,0,1,2
3801,3,2,0,3,0,3,1
3802,0,4,4,0,1,0,0
3803,2,3,2,4,4,0,4
3804,0,0,3,2,2,2,2
3805,4,0,3,2,0,2,0
3806,3,3,0,0,2,0,0
3807,3,0,3,0,4,3,0
3808,0,0,1,3,1,0,1
3809,0,3,1,3,0,4,4
3810,1,0,4,1,4,4,3
3811,4,2,0,2,3,2,0
3812,3,2,4,0,4,1,2
3813,1,4,2,0,0,0,3
3814,3,3,1,3,0,0,1
3815,3,0,1,0,1,0,0
3816,0,1,4,0,0,0,0
3817,2,3,3,3,3,4,2
3818,3,0,1,0,4,0,4
3819,4,3,1,2,0,1,1
3820,0,1,1,1,4,2,2
3821,2,0,3,3,3,2,3
3822,1,2,1,2,2,2,0
3823,2,1,0,4,2,4,4
3824,1,1,2,1,0,1,1
3825,3,0,3,1,0,4,3
3826,4,0,0,4,3,2,1
3827,4,4,0,3,3,0,1
3828,0,4,2,3,3,1,4
3829,4,2,3,1,0,4,1
3830,3,0,0,1,0,1,1
3831,1,0,4,1,0,0,0
3832,1,0,1,0,0,4,3
3833,4,3,4,1,1,2,0
3834,0,0,0,1,2,1,1
3835,1,3,2,0,2,1,3
3836,2,4,2,3,1,1,1
3837,1,3,0,0,2,2,1
3838,1,2,0,1,1,2,0
3839,0,2,3,0,0,1,3
3840,4,3,0,1,0,0,0
3841,4,0,1,4,0,1,4
3842,3,0,4,2,2,0,0
3843,1,1,3,2,3,4,0
3844,3,4,0,1,1,3,3
3845,1,0,1,0,1,1,2
3846,2,1,4,3,4,3,0
3847,4,0,1,0,0,0,0
3848,0,0,2,0,2,2,4
3849,4,1,0,1,0,1,4
3850,1,0,0,0,2,4,3
3851,2,1,2,0,4,1,1
3852,3,0,0,0,3,2,0
3853,2,2,2,3,0,4,4
3854,1,1,0,1,1,4,4
3855,2,0,2,4,0,1,4
3856,4,0,3,4,3,4,3
3857,1,0,0,2,1,0,1
3858,1,4,2,0,1,0,1
3859,0,4,0,3,0,4,0
3860,3,0,0,0,2,0,3
3861,3,3,3,1,1,3,0
3862,1,0,0,2,0,1,4
3863,3,0,3,0,2,0,1
3864,0,3,0,2,1,4,4
3865,0,0,3,4,3,2,0
3866,2,0,2,4,0,2,2
3867,1,1,3,1,3,1,2
3868,1,1,2,4,0,0,2
3869,1,1,4,0,1,4,0
3870,0,0,0,1,1,2,0
3871,3,2,4,0,4,3,3
3872,0,4,4,2,4,0,1
3873,0,3,0,4,0,1,3
3874,3,2,4,2,1,2,0
3875,2,0,1,4,2,0,0
3876,2,2,1,1,1,4,4
3877,0,3,0,1,0,2,1
3878,4,2,3,3,1,1,2
3879,3,1,2,2,1,2,1
3880,2,3,0,0,4,3,0
3881,0,2,3,0,2,0,1
3882,4,1,4,0,0,2,1
3883,2,2,0,4,0,1,3
3884,0,0,1,0,2,0,1
3885,3,2,1,1,2,2,3
3886,1,4,0,4,2,2,0
3887,1,2,1,0,0,0,1
3888,3,1,0,2,1,1,0
3889,0,3,1,2,2,0,0
3890,3,1,1,4,4,1,2
3891,1,4,0,4,0,0,0
3892,3,0,3,1,4,1,4
3893,2,0,2,0,1,4,0
3894,4,4,0,0,4,4,1
3895,1,0,0,2,0,4,2
3896,0,1,1,2,2,2,1
3897,3,3,0,1,3,1,3
3898,1,1,1,0,0,0,1
3899,2,0,0,2,1,0,4
3900,3,0,0,1,2,0,1
3901,1,2,2,2,2,3,1
3902,0,2,3,3,1,4,4
3903,2,3,1,1,4,4,4
3904,1,4,0,3,4,2,2
3905,1,0,1,4,3,3,2
3906,0,0,2,0,3,0,4
3907,1,0,0,1,4,4,3
3908,0,0,1,1,2,0,2
3909,0,3,0,2,0,2,3
3910,1,1,0,0,3,0,0
3911,4,1,2,2,0,3,4
3912,4,3,1,0,4,0,0
3913,0,4,1,0,4,2,4
3914,1,2,1,1,0,1,0
3915,4,0,0,4,2,0,3
3916,2,1,1,2,3,1,1
3917,2,0,0,2,1,0,1
3918,3,0,1,0,3,0,0
3919,2,1,4,2,2,3,0
3920,2,2,4,1,1,1,0
3921,1,1,0,1,2,0,2
3922,1,3,4,4,1,0,0
3923,2,3,1,4,2,3,0
3924,2,0,1,1,3,0,1
3925,2,0,0,3,0,0,1
3926,0,4,1,4,3,1,4
3927,2,1,2,0,0,4,2
3928,0,4,1,3,0,2,0
3929,2,2,0,1,3,1,3
3930,0,3,0,3,4,2,0
3931,3,4,4,4,2,3,1
3932,0,2,4,3,0,0,2
3933,1,0,1,3,1,4,0
3934,2,4,2,0,0,0,2
3935,3,1,4,2,4,2,1
3936,3,2,1,1,1,0,0
3937,4,4,0,1,0,4,0
3938,4,3,3,2,2,0,0
3939,3,1,0,0,1,4,4
3940,4,0,3,0,3,1,0
3941,3,0,0,1,3,3,2
3942,3,1,0,2,1,3,3
3943,0,2,4,3,3,0,3
3944,2,1,3,0,1,3,0
3945,3,4,1,1,2,1,1
3946,0,2,2,2,0,3,1
3947,3,3,4,4,2,2,2
3948,1,3,1,4,1,3,1
3949,0,0,4,0,0,1,2
3950,0,0,2,4,3,1,0
3951,4,1,4,3,1,2,2
3952,3,0,0,2,4,0,0
3953,2,2,3,2,1,3,1
3954,1,3,0,3,1,0,4
3955,1,0,0,2,3,3,2
3956,3,0,1,1,0,1,3
3957,3,4,4,3,4,1,2
3958,2,2,1,4,1,2,2
3959,3,4,0,1,0,0,0
3960,4,2,1,1,4,4,2
3961,2,3,1,2,3,3,0
3962,0,3,2,2,0,3,0
3963,1,2,4,1,0,3,1
3964,1,0,2,3,1,0,4
3965,2,1,2,2,3,0,2
3966,2,2,0,1,3,3,3
3967,3,4,1,3,3,3,0
3968,1,1,0,2,3,3,0
3969,3,4,0,3,0,4,0
3970,1,0,4,2,1,3,0
3971,3,0,0,1,3,1,4
3972,0,0,2,0,0,1,0
3973,2,2,0,3,1,1,2
3974,2,3,2,1,1,4,2
3975,4,1,1,0,0,0,4
3976,1,1,0,4,1,0,2
3977,2,0,1,1,3,1,3
3978,1,3,2,0,4,3,0
3979,1,0,4,1,1,4,1
3980,2,2,3,2,0,4,3
3981,2,2,2,0,4,0,0
3982,3,0,0,1,3,4,2
3983,1,4,0,0,4,2,2
3984,3,1,0,3,0,3,1
3985,2,4,1,0,2,4,1
3986,1,0,1,0,3,0,2
3987,2,0,0,2,1,0,3
3988,0,3,3,4,2,4,0
3989,0,1,2,0,2,1,0
3990,4,4,4,2,0,0,4
3991,3,2,2,0,1,0,4
3992,1,1,2,1,1,3,0
3993,1,0,0,1,0,0,0
3994,3,4,1,0,3,3,3
3995,2,0,2,1,2,0,0
3996,2,4,3,4,0,0,1
3997,3,1,4,0,0,4,0
3998,1,1,0,2,0,4,0
3999,0,3,0,1,3,2,1
4000,2,0,1,1,0,0,0
4001,3,1,4,2,3,0,4
4002,1,4,1,4,1,0,1
4003,4,0,4,2,1,2,3
4004,0,3,2,3,1,1,3
4005,2,1,2,4,0,3,3
4006,1,0,3,2,4,0,2
4007,0,0,2,0,3,3,0
4008,0,3,2,2,1,0,1
4009,2,2,3,4,4,1,3
4010,4,0,3,0,1,0,0
4011,0,2,0,3,4,4,0
4012,2,3,3,1,0,1,2
4013,3,0,2,0,2,1,1
4014,1,0,4,2,1,0,2
4015,3,0,2,3,1,1,0
4016,0,3,1,3,0,1,1
4017,1,0,0,3,4,1,0
4018,3,4,1,4,0,4,0
4019,1,3,2,1,0,2,2
4020,1,4,2,4,3,4,3
4021,0,1,0,0,0,3,0
4022,4,1,1,3,0,3,2
4023,3,0,0,3,0,0,3
4024,4,2,3,0,2,4,0
4025,2,1,0,0,0,1,4
4026,3,1,1,1,1,3,1
4027,2,3,2,1,0,1,0
4028,0,2,2,1,1,1,1
4029,0,4,4,1,1,4,0
4030,2,2,4,1,1,2,3
4031,1,2,2,3,3,1,1
4032,4,0,0,3,2,4,1
4033,0,0,0,1,0,4,4
4034,0,3,0,2,2,3,4
4035,3,0,3,1,1,3,0
4036,2,1,2,1,3,3,0
4037,0,2,0,0,0,2,0
4038,3,0,3,2,2,4,0
4039,1,0,0,3,4,0,2
4040,3,2,2,0,2,3,2
4041,1,1,0,4,3,4,0
4042,1,4,3,1,0,0,1
4043,2,4,1,0,1,3,0
4044,2,4,1,4,3,2,3
4045,1,2,1,0,1,1,3
4046,4,2,3,0,0,1,2
4047,4,2,0,0,2,2,0
4048,1,2,4,0,1,1,1
4049,2,1,1,1,4,4,0
4050,2,2,4,1,0,3,0
4051,1,1,4,4,1,0,1
4052,0,3,0,2,3,0,2
4053,1,4,0,0,2,4,1
4054,1,4,0,0,4,3,1
4055,1,1,2,2,0,4,4
4056,4,3,2,1,4,2,1
4057,3,3,1,0,4,4,1
4058,0,1,4,0,3,2,1
4059,3,2,2,3,0,0,2
4060,4,0,1,0,1,1,1
4061,1,3,1,3,0,4,1
4062,3,0,3,1,4,0,4
4063,3,2,0,0,0,1,1
4064,0,3,2,3,2,1,0
4065,0,0,0,2,2,3,1
4066,3,0,1,3,4,1,2
4067,0,3,0,0,4,2,3
4068,0,0,1,3,0,1,2
4069,3,3,2,3,0,4,4
4070,3,1,3,2,1,3,1
4071,2,1,4,3,3,3,1
4072,3,2,4,3,2,2,0
4073,0,2,0,1,4,1,4
4074,4,4,1,0,0,2,0
4075,0,3,0,2,3,0,2
4076,4,4,0,0,0,2,2
4077,1,1,0,0,3,2,3
4078,3,3,4,4,0,3,0
4079,1,1,4,0,4,2,3
4080,3,0,2,4,0,2,1
4081,0,3,2,0,3,0,3
4082,1,2,0,3,2,4,2
4083,3,2,3,0,0,4,4
4084,4,2,2,1,0,2,1
4085,0,2,0,2,4,0,2
4086,0,0,0,0,2,0,1
4087,4,0,0,0,1,0,0
4088,0,1,1,0,2,3,0
4089,4,4,0,3,3,3,1
4090,2,2,0,2,1,0,2
4091,2,1,1,4,3,1,2
4092,4,4,1,3,0,1,0
4093,1,0,4,0,1,3,4
4094,3,4,1,4,1,1,0
4095,1,4,1,4,1,2,0
4096,1,1,4,0,4,1,3
4097,1,2,1,0,4,0,4
4098,1,1,2,0,1,0,1
4099,4,2,2,4,2,0,3
4100,4,3,1,3,2,2,1
4101,4,4,0,3,1,0,4
4102,0,0,0,2,3,0,3
4103,4,3,1,1,4,0,0
4104,3,3,3,3,1,4,2
4105,2,3,0,1,0,4,0
4106,4,2,0,4,0,0,4
4107,0,1,2,0,0,0,2
4108,3,1,0,0,0,2,0
4109,4,3,0,0,3,4,3
4110,2,3,4,2,1,4,0
4111,4,1,1,1,4,2,3
4112,1,0,3,1,0,2,4
4113,4,3,0,3,1,0,2
4114,0,0,0,1,0,1,2
4115,3,4,1,4,3,1,4
4116,1,3,3,3,2,4,3
4117,2,4,2,4,3,1,1
4118,2,0,1,2,2,2,2
4119,1,2,0,3,0,1,2
4120,1,1,1,3,2,3,1
4121,4,1,0,1,1,0,4
4122,3,0,3,2,0,2,0
4123,2,2,4,0,4,1,0
4124,2,4,0,4,0,2,1
4125,2,4,3,4,1,3,2
4126,0,1,1,1,2,0,0
4127,4,2,3,1,0,2,0
4128,1,3,4,0,0,1,4
4129,3,2,2,1,0,2,3
4130,3,4,0,3,3,4,4
4131,1,3,3,1,1,4,4
4132,1,2,0,4,4,0,3
4133,0,3,0,2,4,2,1
4134,1,0,1,2,0,3,0
4135,2,0,2,1,1,0,1
4136,4,4,4,1,1,3,1
4137,2,3,0,1,0,1,4
4138,1,0,2,4,1,0,4
4139,4,4,4,4,2,0,2
4140,0,4,0,2,3,4,2
4141,2,3,3,2,2,0,2
4142,2,0,4,1,4,4,1
4143,2,0,2,0,0,2,0
4144,1,0,0,0,0,4,3
4145,2,2,0,4,2,3,0
4146,0,4,0,2,1,0,2
4147,0,3,1,2,0,4,1
4148,2,0,3,3,3,2,3
4149,3,0,2,2,0,4,4
4150,2,0,2,3,2,4,4
4151,2,0,0,0,0,4,0
4152,0,4,1,4,2,2,4
4153,4,1,0,0,3,0,0
4154,4,3,3,2,3,3,1
4155,0,3,1,0,4,1,0
4156,1,0,3,0,2,1,2
4157,3,1,0,4,0,2,1
4158,2,3,4,2,0,2,1
4159,1,2,0,2,0,3,4
4160,1,4,4,0,1,0,0
4161,3,1,0,1,3,2,0
4162,4,3,0,1,0,4,2
4163,2,0,3,3,2,2,2
4164,2,2,2,2,1,1,1
4165,0,3,1,4,4,4,0
4166,1,2,0,2,0,0,2
4167,3,1,1,4,3,4,0
4168,2,0,2,1,4,0,2
4169,1,4,2,0,0,0,4
4170,0,0,1,2,0,3,0
4171,1,3,1,1,0,1,1
4172,2,2,4,4,0,0,4
4173,2,0,2,0,0,4,1
4174,4,4,3,2,3,1,0
4175,4,0,1,0,0,2,0
4176,1,0,2,0,0,4,0
4177,3,1,1,3,2,2,0
4178,1,2,4,4,2,4,0
4179,2,4,2,3,4,3,4
4180,2,1,1,4,2,1,2
4181,2,0,0,2,1,4,1
4182,1,0,3,1,0,1,4
4183,3,1,4,4,4,3,0
4184,0,0,0,4,0,1,4
4185,3,0,2,0,4,1,2
4186,1,0,3,4,0,0,1
4187,0,2,3,1,0,2,2
4188,3,0,0,0,4,3,1
4189,0,2,3,0,1,3,2
4190,4,3,0,0,0,3,4
4191,3,3,0,1,3,4,3
4192,0,1,1,1,1,4,2
4193,2,2,1,1,0,1,1
4194,2,0,4,0,0,0,0
4195,3,3,2,1,4,3,3
4196,2,3,4,4,4,1,3
4197,0,0,3,4,2,2,0
4198,1,0,2,4,0,4,1
4199,0,2,1,2,4,1,2
4200,0,4,2,0,4,0,0
4201,3,0,0,3,2,3,4
4202,1,2,0,0,2,0,2
4203,0,0,3,0,2,1,0
4204,4,3,1,3,2,2,4
4205,3,2,0,0,2,3,4
4206,4,2,4,2,3,0,2
4207,3,1,0,2,2,0,2
4208,0,2,0,2,0,1,4
4209,0,0,0,1,0,3,4
4210,2,0,3,4,4,3,3
4211,2,1,1,1,3,2,2
4212,3,3,4,1,0,4,1
4213,2,4,0,3,2,2,1
4214,2,1,1,4,4,4,1
4215,3,2,0,0,2,0,0
4216,0,2,2,0,0,1,2
4217,3,1,0,2,0,0,0
4218,3,1,0,0,4,1,1
4219,2,3,0,4,0,0,0
4220,3,0,1,3,4,3,1
4221,0,2,2,3,1,3,3
4222,3,2,1,0,0,4,3
4223,2,0,1,1,1,4,4
4224,1,0,4,2,0,3,0
4225,2,2,0,4,0,2,0
4226,3,4,1,1,3,2,4
4227,0,0,2,2,3,2,3
4228,2,3,1,0,0,2,3
4229,4,4,0,2,0,1,1
4230,4,2,1,3,0,3,2
4231,2,2,2,3,0,4,0
4232,0,2,0,4,4,3,3
4233,4,0,0,2,1,0,1
4234,1,1,3,1,2,1,0
4235,2,1,1,1,0,0,1
4236,4,3,1,1,2,3,0
4237,4,1,0,3,3,4,3
4238,0,0,0,4,2,2,1
4239,1,0,3,0,1,3,0
4240,0,2,3,2,0,1,1
4241,3,0,4,1,0,0,2
4242,4,4,1,2,0,4,3
4243,0,3,1,2,3,0,0
4244,1,2,0,3,0,1,0
4245,0,1,3,0,3,2,2
4246,4,2,0,1,4,0,1
4247,2,3,0,0,2,1,1
4248,3,1,0,4,4,1,1
4249,4,0,1,0,0,0,0
4250,2,1,0,0,3,1,4
4251,4,0,0,3,3,2,0
4252,4,0,4,0,4,0,3
4253,1,1,1,0,4,0,3
4254,4,0,0,0,1,1,0
4255,2,3,2,3,1,1,3
4256,3,4,3,1,3,0,2
4257,1,0,0,2,2,1,2
4258,3,2,3,4,4,2,1
4259,4,1,3,2,1,1,1
4260,3,3,3,0,2,3,0
4261,4,3,2,3,4,1,2
4262,0,3,0,0,4,1,1
4263,2,0,3,2,1,0,3
4264,0,0,0,2,0,0,1
4265,2,0,3,4,0,0,0
4266,2,4,0,0,4,1,0
4267,1,2,0,2,1,3,2
4268,2,2,3,4,4,2,2
4269,0,4,3,1,3,3,2
4270,2,2,4,3,1,4,3
4271,1,0,4,1,2,2,0
4272,1,4,3,2,0,1,1
4273,0,3,2,2,1,1,4
4274,4,0,1,0,4,2,3
4275,1,0,2,3,0,4,0
4276,3,0,2,3,1,4,4
4277,2,3,2,1,0,0,2
4278,2,3,3,4,1,2,2
4279,4,4,4,0,4,1,3
4280,0,0,0,1,2,3,0
4281,0,0,4,0,0,0,3
4282,2,0,0,1,0,3,0
4283,3,4,4,1,0,3,4
4284,4,0,2,4,2,1,2
4285,4,0,3,4,0,0,0
4286,1,2,2,0,1,0,0
4287,2,1,0,1,0,2,0
4288,3,3,4,0,4,0,0
4289,1,2,3,3,0,0,0
4290,4,2,1,3,2,0,3
4291,3,3,0,0,4,1,0
4292,2,0,0,0,3,2,1
4293,1,0,0,2,4,4,3
4294,4,0,1,0,2,0,3
4295,1,4,0,0,3,2,3
4296,2,0,3,0,0,4,0
4297,4,3,0,3,2,2,1
4298,1,2,3,0,4,1,1
4299,1,2,4,0,1,1,1
4300,0,4,4,1,0,1,4
4301,3,4,4,0,4,1,4
4302,0,0,1,0,1,3,3
4303,1,2,1,2,2,1,1
4304,1,3,1,1,0,0,4
4305,4,2,3,1,1,2,0
4306,0,4,3,3,0,4,1
4307,0,0,3,3,1,1,0
4308,2,2,0,3,4,2,3
4309,3,4,0,2,2,2,1
4310,1,1,1,2,1,0,4
4311,0,0,3,2,1,0,3
4312,3,3,0,1,0,1,2
4313,2,0,1,0,0,0,0
4314,2,2,4,1,2,1,2
4315,4,4,1,1,1,3,1
4316,0,4,4,1,4,1,2
4317,1,0,1,2,1,0,4
4318,1,0,2,4,2,0,3
4319,2,2,0,1,2,0,0
4320,3,0,4,3,4,0,0
4321,4,1,4,3,3,3,0
4322,2,1,0,2,3,0,3
4323,4,0,3,2,1,0,3
4324,0,1,4,3,3,0,4
4325,1,2,3,0,0,3,4
4326,1,4,2,1,3,1,3
4327,1,0,0,3,2,2,0
4328,0,3,0,3,2,0,2
4329,2,1,2,0,1,0,1
4330,3,4,1,4,3,4,0
4331,0,3,0,1,1,2,0
4332,0,0,3,1,2,4,0
4333,1,1,4,3,4,2,0
4334,1,1,3,3,2,4,3
4335,3,3,3,3,0,4,1
4336,4,3,0,2,2,1,3
4337,1,3,2,0,2,2,0
4338,4,1,0,0,0,0,4
4339,2,0,1,1,1,1,0
4340,1,1,0,1,1,0,4
4341,0,1,0,2,4,0,1
4342,3,0,0,0,2,0,1
4343,1,0,4,0,0,0,4
4344,4,0,4,4,4,3,0
4345,0,3,1,3,4,4,0
4346,2,0,0,4,0,0,2
4347,4,3,3,0,1,0,4
4348,1,0,0,4,4,0,4
4349,1,1,4,0,2,3,4
4350,2,1,4,4,0,1,2
4351,1,0,2,3,2,1,4
4352,1,2,0,1,0,1,1
4353,2,0,0,2,4,3,0
4354,1,3,0,0,0,4,2
4355,2,0,4,3,0,3,0
4356,1,0,2,4,4,4,4
4357,1,3,0,0,0,0,2
4358,3,1,0,4,4,4,3
4359,3,0,1,4,1,0,0
4360,0,4,2,4,4,0,0
4361,2,0,4,3,3,1,1
4362,1,0,0,3,3,3,4
4363,1,3,0,1,1,0,3
4364,4,3,2,1,0,3,2
4365,0,3,0,2,2,3,1
4366,4,0,1,0,4,1,4
4367,2,4,3,4,0,4,0
4368,0,2,3,1,1,3,4
4369,2,0,0,4,1,3,0
4370,2,4,0,3,1,3,2
4371,4,0,3,4,4,1,1
4372,2,4,4,3,1,2,1
4373,1,1,0,0,3,2,1
4374,1,2,0,2,3,4,0
4375,4,0,0,2,1,3,2
4376,0,2,2,4,1,1,4
4377,3,2,0,4,3,2,2
4378,1,3,2,3,1,0,2
4379,4,4,0,0,4,2,4
4380,1,2,1,2,0,0,3
4381,2,4,1,0,1,4,1
4382,1,3,0,3,4,3,0
4383,2,3,3,1,3,0,4
4384,0,1,0,0,0,1,4
4385,3,1,0,3,4,0,1
4386,1,4,4,3,1,1,3
4387,1,2,4,1,0,4,1
4388,2,2,0,1,0,0,0
4389,1,2,2,2,4,3,2
4390,1,1,1,0,1,1,2
4391,3,2,3,0,4,3,3
4392,1,0,3,4,3,4,4
4393,3,0,1,1,1,4,3
4394,1,4,0,4,1,3,2
4395,4,0,2,3,0,1,4
4396,4,0,3,3,4,2,4
4397,0,0,1,4,1,1,1
4398,4,1,1,4,3,0,1
4399,1,0,0,3,1,2,1
4400,0,2,1,4,4,0,1
4401,3,1,0,4,0,1,1
4402,2,0,0,0,4,4,3
4403,3,0,0,3,4,3,0
4404,2,2,3,1,1,3,2
4405,3,0,3,4,2,1,0
4406,3,2,3,0,4,2,1
4407,3,2,1,2,4,4,1
4408,0,0,1,3,1,0,0
4409,3,3,0,4,2,2,2
4410,2,0,2,0,0,0,1
4411,2,3,0,1,0,4,2
4412,1,0,4,4,0,0,2
4413,0,0,1,0,3,3,1
4414,1,1,2,1,0,1,0
4415,0,1,3,2,3,1,3
4416,0,3,4,0,3,2,1
4417,0,4,2,1,4,4,1
4418,1,2,3,0,3,1,3
4419,1,0,4,0,0,1,1
4420,3,0,2,2,2,2,3
4421,4,1,2,1,0,2,0
4422,4,4,1,4,0,3,0
4423,3,1,3,0,0,0,2
4424,2,0,3,3,0,1,3
4425,3,4,1,0,2,2,4
4426,1,0,2,3,1,0,0
4427,2,4,3,4,4,4,4
4428,4,0,4,0,2,3,2
4429,3,0,0,3,4,1,2
4430,1,2,4,2,0,1,3
4431,3,2,0,0,2,4,2
4432,4,4,0,3,0,4,0
4433,2,1,3,2,3,2,1
4434,1,1,3,0,4,0,1
4435,0,4,1,3,1,1,3
4436,3,0,2,3,4,2,2
4437,4,1,4,0,3,0,3
4438,4,4,0,0,3,4,4
4439,2,2,4,0,2,4,4
4440,0,3,2,3,0,2,2
4441,1,0,4,3,1,2,0
4442,3,4,0,1,1,1,2
4443,0,4,2,0,3,3,0
4444,2,0,0,0,3,0,4
4445,4,3,4,3,3,3,1
4446,1,0,0,2,0,3,4
4447,0,0,0,3,0,0,0
4448,1,0,1,4,0,0,0
4449,1,0,2,2,2,4,4
4450,2,2,2,4,3,1,0
4451,2,1,3,0,4,0,0
4452,1,0,4,1,2,0,2
4453,1,4,2,2,0,2,1
4454,2,0,0,2,0,1,4
4455,3,1,0,1,3,2,4
4456,3,0,3,0,0,0,2
4457,0,1,4,3,2,2,0
4458,0,1,1,0,1,4,0
4459,4,0,1,2,0,2,1
4460,4,2,4,1,1,1,0
4461,1,2,0,4,0,0,1
4462,2,1,0,4,2,4,4
4463,1,0,2,0,1,4,2
4464,3,2,0,4,2,0,0
4465,3,0,4,0,0,3,1
4466,3,0,0,1,3,0,0
4467,2,4,2,3,0,4,3
4468,3,1,1,0,2,3,3
4469,2,3,2,1,2,1,3
4470,4,4,2,0,0,4,4
4471,4,2,3,0,3,2,3
4472,0,2,0,0,0,3,3
4473,3,0,3,0,0,4,0
4474,0,3,0,3,0,0,0
4475,2,2,4,0,4,4,2
4476,3,4,3,1,0,3,4
4477,1,1,1,4,2,1,0
4478,0,3,0,1,1,4,4
4479,1,0,0,4,1,2,1
4480,2,0,4,1,0,4,0
4481,3,0,2,0,0,2,4
4482,2,1,3,0,0,1,3
4483,1,0,4,2,2,0,3
4484,3,4,2,1,4,2,0
4485,2,0,1,4,1,1,4
4486,2,0,3,4,2,2,1
4487,1,1,2,4,0,1,1
4488,3,4,3,1,4,2,0
4489,3,1,1,4,3,1,0
4490,2,0,1,3,4,3,4
4491,1,1,4,4,2,1,1
4492,3,0,4,3,3,1,1
4493,0,4,0,3,0,4,1
4494,2,0,0,1,0,2,0
4495,1,3,4,4,2,1,4
4496,0,4,0,0,3,3,1
4497,0,4,0,1,2,0,3
4498,2,3,3,4,1,3,3
4499,2,2,2,1,3,3,2
4500,0,0,3,1,1,1,1
4501,4,0,3,4,0,0,2
4502,1,3,3,3,1,1,1
4503,1,2,4,0,1,2,1
4504,2,0,4,1,3,2,0
4505,1,3,3,2,4,4,0
4506,0,0,2,1,0,2,1
4507,4,0,4,3,1,1,0
4508,0,1,2,0,1,1,4
4509,2,0,4,1,0,3,4
4510,2,4,0,4,0,2,4
4511,4,2,0,1,0,4,1
4512,0,3,4,0,2,3,2
4513,3,0,0,1,0,3,1
4514,3,0,0,0,1,4,3
4515,2,0,3,1,3,0,0
4516,2,0,4,2,1,3,1
4517,4,3,0,3,0,0,0
4518,1,2,3,1,4,0,0
4519,3,4,4,4,0,4,4
4520,1,0,3,1,0,3,0
4521,1,1,1,2,0,2,4
4522,1,0,3,3,3,3,3
4523,1,1,0,1,2,1,0
4524,4,2,3,3,2,3,3
4525,3,3,2,4,0,0,1
4526,3,0,0,1,2,1,1
4527,2,3,3,0,3,1,3
4528,1,4,3,3,0,1,3
4529,2,0,4,3,0,1,2
4530,4,3,4,1,4,2,0
4531,4,2,2,4,0,1,2
4532,2,0,3,4,1,3,3
4533,4,4,1,2,1,0,3
4534,4,4,1,1,4,2,0
4535,3,4,4,0,3,1,4
4536,0,0,0,3,2,1,2
4537,1,1,3,1,0,0,2
4538,2,0,1,4,1,1,0
4539,0,2,4,2,3,3,4
4540,1,2,0,0,2,3,4
4541,2,2,4,4,1,0,3
4542,4,0,2,1,1,3,1
4543,4,0,4,3,0,3,2
4544,3,2,2,2,3,0,4
4545,0,3,4,0,0,0,4
4546,0,1,3,0,3,1,0
4547,3,0,3,0,0,3,2
4548,2,0,0,0,3,3,3
4549,3,1,4,3,4,1,1
4550,3,4,3,4,2,4,0
4551,0,2,3,0,0,2,2
4552,3,3,2,0,0,1,2
4553,3,0,1,4,0,1,4
4554,3,0,0,1,2,3,2
4555,0,3,4,1,1,0,2
4556,1,0,3,3,1,2,0
4557,1,1,2,3,0,2,1
4558,1,2,4,2,3,3,2
4559,0,1,3,4,3,0,4
4560,4,1,2,0,1,0,3
4561,3,0,0,0,0,2,3
4562,0,4,0,3,3,1,0
4563,2,0,3,4,3,1,2
4564,2,3,0,0,3,1,3
4565,4,0,2,3,0,2,4
4566,1,0,4,0,0,4,2
4567,3,0,3,2,1,0,1
4568,0,3,0,0,4,1,2
4569,2,0,1,0,3,1,2
4570,3,0,3,0,2,0,4
4571,0,0,0,4,0,1,4
4572,2,4,0,1,0,1,0
4573,4,4,4,4,4,1,4
4574,1,0,1,4,2,2,0
4575,2,1,1,0,0,4,0
4576,1,1,0,3,4,1,1
4577,3,2,3,4,0,1,1
4578,4,0,0,0,0,1,1
4579,0,1,3,2,1,4,4
4580,1,3,0,2,0,3,4
4581,1,0,0,0,4,3,1
4582,2,4,2,4,0,1,4
4583,4,0,4,1,0,0,1
4584,1,2,0,0,2,4,0
4585,1,1,0,2,0,2,0
4586,3,1,3,2,3,3,1
4587,0,4,2,1,0,1,2
4588,4,4,2,1,0,2,2
4589,3,0,3,2,4,0,1
4590,4,3,0,1,4,4,3
4591,2,0,0,1,1,3,0
4592,2,2,2,3,3,1,4
4593,2,0,0,1,2,0,1
4594,1,0,0,3,1,2,0
4595,4,2,3,2,2,1,1
4596,2,0,0,1,0,0,1
4597,3,3,1,3,0,0,1
4598,3,2,1,2,2,1,0
4599,0,2,2,2,4,1,0
4600,4,1,1,1,2,2,0
4601,4,3,1,0,1,1,0
4602,4,0,0,1,4,3,2
4603,2,2,3,3,1,4,1
4604,1,4,4,2,1,0,4
4605,0,3,4,1,0,4,1
4606,2,4,4,1,0,3,4
4607,3,1,0,2,0,0,0
4608,1,4,0,1,4,3,2
4609,4,2,2,4,2,2,0
4610,2,1,0,0,2,3,1
4611,1,2,1,2,3,1,3
4612,3,0,4,0,2,0,0
4613,1,3,2,1,1,0,1
4614,2,0,4,1,2,1,2
4615,1,3,3,3,2,1,1
4616,1,1,4,0,2,2,2
4617,1,2,4,0,0,1,2
4618,1,2,2,4,0,0,1
4619,1,3,3,4,2,0,0
4620,2,0,4,4,4,3,1
4621,4,1,0,0,4,0,3
4622,3,0,4,4,0,2,1
4623,1,1,4,1,2,1,2
4624,2,1,4,3,0,3,1
4625,2,3,1,2,0,2,1
4626,1,3,1,0,0,2,0
4627,4,0,0,0,0,3,1
4628,4,4,4,3,0,3,0
4629,0,1,3,3,4,3,3
4630,1,2,0,2,1,2,1
4631,1,4,2,3,3,2,4
4632,1,1,2,4,3,0,4
4633,4,2,2,1,1,0,2
4634,4,0,2,1,0,3,1
4635,1,3,1,1,4,1,3
4636,3,1,0,0,1,1,1
4637,2,1,1,2,1,4,4
4638,0,2,0,0,0,2,4
4639,3,3,2,3,2,2,2
4640,1,1,4,0,3,2,4
4641,2,0,2,1,0,2,1
4642,4,4,3,2,0,2,2
4643,1,0,0,0,2,1,3
4644,3,0,0,3,4,0,4
4645,4,0,0,4,2,4,0
4646,1,0,2,0,4,3,3
4647,4,3,2,2,1,1,0
4648,0,4,2,4,2,2,0
4649,4,2,2,4,0,1,0
4650,1,1,3,1,1,2,2
4651,1,2,0,2,3,1,0
4652,0,3,2,1,0,2,3
4653,3,0,4,0,3,1,3
4654,3,0,0,2,1,3,1
4655,1,4,1,4,3,1,1
4656,1,0,0,2,0,1,2
4657,4,2,3,1,3,3,4
4658,3,1,0,3,0,3,2
4659,1,1,2,4,1,0,0
4660,2,2,1,1,2,3,1
4661,4,2,2,0,0,1,0
4662,1,0,3,4,1,2,4
4663,2,3,1,0,4,0,1
4664,2,3,3,3,1,0,0
4665,0,3,0,2,1,1,2
4666,2,2,3,4,0,1,3
4667,0,0,3,4,4,3,1
4668,4,4,0,4,0,1,0
4669,0,1,3,2,4,3,4
4670,3,2,3,3,0,0,2
4671,1,0,0,0,4,3,1
4672,0,2,0,4,0,1,1
4673,2,4,2,4,2,3,4
4674,2,3,0,4,2,3,3
4675,0,3,0,1,0,3,3
4676,0,1,1,1,0,1,0
4677,1,2,3,1,3,0,0
4678,3,0,3,3,2,1,0
4679,0,2,1,4,1,0,0
4680,0,0,1,4,0,0,1
4681,0,4,0,0,1,3,3
4682,2,4,0,1,2,2,2
4683,4,2,0,0,2,3,1
4684,2,4,1,0,0,4,2
4685,4,3,0,4,0,1,1
4686,1,4,1,1,3,0,4
4687,2,1,0,1,4,0,1
4688,4,3,0,0,3,4,0
4689,0,2,3,4,0,0,4
4690,3,1,0,0,0,3,2
4691,1,0,4,0,4,4,0
4692,2,0,0,1,0,1,0
4693,4,0,3,0,2,1,1
4694,0,1,2,1,1,2,0
4695,0,3,0,2,1,3,1
4696,0,1,1,0,3,0,1
4697,3,1,2,0,1,0,2
4698,1,0,4,0,3,0,3
4699,0,3,1,4,2,1,4
4700,1,2,0,4,3,4,3
4701,3,1,2,3,0,1,4
4702,4,1,0,1,2,0,2
4703,0,3,3,0,0,2,2
4704,4,0,4,1,0,0,2
4705,0,0,3,2,3,0,4
4706,0,0,4,4,0,0,1
4707,0,1,3,2,1,2,1
4708,4,3,3,4,0,0,2
4709,2,2,1,3,1,1,2
4710,0,0,4,4,1,2,2
4711,0,2,3,0,4,4,4
4712,4,2,3,4,4,3,0
4713,2,4,1,3,2,4,1
4714,4,3,0,4,0,3,1
4715,1,2,0,2,1,3,4
4716,2,1,1,2,4,0,1
4717,3,1,2,1,1,3,4
4718,0,3,2,1,1,1,0
4719,1,0,3,0,0,3,1
4720,2,3,1,0,0,0,0
4721,3,0,0,4,0,4,0
4722,0,1,1,3,0,0,4
4723,1,1,0,1,3,3,1
4724,3,3,1,0,2,0,1
4725,1,0,0,4,0,4,1
4726,2,3,1,0,2,1,1
4727,2,3,2,0,0,3,2
4728,4,4,3,3,4,4,4
4729,1,2,3,4,2,1,0
4730,2,1,3,4,0,1,0
4731,2,1,3,1,4,1,0
4732,1,3,4,0,0,2,3
4733,2,1,0,4,0,0,2
4734,1,1,4,2,1,2,4
4735,1,2,3,4,0,2,1
4736,0,1,2,2,3,3,4
4737,1,2,3,1,0,3,0
4738,2,2,3,4,3,0,1
4739,0,1,4,2,3,0,2
4740,3,0,3,1,0,4,2
4741,1,3,2,0,4,1,0
4742,3,0,4,2,4,1,1
4743,0,0,2,1,3,4,4
4744,2,0,0,0,0,0,2
4745,2,0,0,1,0,2,0
4746,0,0,1,4,1,1,4
4747,1,1,0,3,3,4,1
4748,3,0,2,0,0,3,1
4749,2,0,1,0,3,0,2
4750,0,2,3,4,2,4,0
4751,0,3,2,3,1,1,1
4752,4,0,0,0,2,2,2
4753,2,4,0,2,4,0,0
4754,2,1,4,2,3,0,0
4755,0,4,0,0,0,2,3
4756,4,3,3,2,1,1,1
4757,3,3,1,3,4,2,2
4758,3,2,0,1,3,1,1
4759,3,2,2,0,0,0,0
4760,4,3,0,2,0,3,2
4761,1,3,3,4,3,2,2
4762,2,0,2,4,4,4,3
4763,4,0,2,3,1,2,4
4764,0,2,0,3,1,4,2
4765,3,3,2,1,4,4,4
4766,0,1,0,0,4,2,2
4767,0,4,0,0,4,1,1
4768,2,0,1,2,4,3,4
4769,2,3,3,2,3,2,3
4770,2,4,4,2,0,0,4
4771,4,2,2,0,4,4,0
4772,0,0,1,3,2,4,4
4773,0,2,1,3,3,4,4
4774,3,0,0,0,3,1,3
4775,3,0,4,2,0,2,3
4776,4,0,4,0,0,2,0
4777,1,0,0,1,2,3,0
4778,3,2,4,2,1,4,3
4779,1,0,0,3,3,4,1
4780,3,2,3,4,0,3,4
4781,3,0,1,4,3,0,0
4782,1,0,3,1,2,2,1
4783,3,3,3,1,3,3,0
4784,0,2,4,2,0,0,2
4785,2,1,4,4,0,0,3
4786,1,0,4,3,0,4,3
4787,0,4,0,0,1,0,0
4788,3,0,0,0,2,4,1
4789,0,0,2,4,3,0,2
4790,0,3,0,4,3,2,4
4791,2,0,0,4,0,1,4
4792,3,2,4,1,3,2,1
4793,1,3,0,1,3,2,3
4794,1,2,0,2,1,3,3
4795,2,2,4,1,4,3,1
4796,4,3,0,0,0,4,1
4797,2,4,0,2,2,0,4
4798,2,3,3,4,0,2,4
4799,1,3,3,2,4,2,4
4800,2,0,1,1,0,1,2
4801,4,1,1,3,1,3,0
4802,3,2,0,1,2,2,1
4803,2,0,2,4,3,4,0
4804,4,3,0,0,3,4,1
4805,0,3,4,0,4,3,0
4806,4,2,3,0,3,4,0
4807,2,1,1,1,0,0,0
4808,1,0,0,3,0,4,0
4809,4,3,0,2,3,0,0
4810,4,3,0,3,1,2,0
4811,3,0,3,4,2,3,0
4812,0,1,0,0,0,3,0
4813,4,0,1,3,0,0,3
4814,0,1,0,4,3,3,0
4815,3,0,2,0,3,3,1
4816,3,0,1,4,2,1,2
4817,1,2,1,3,4,4,0
4818,1,3,0,1,0,1,1
4819,4,0,3,0,2,4,3
4820,2,4,2,1,3,1,2
4821,1,1,3,4,4,3,0
4822,4,3,0,2,3,0,4
4823,2,2,4,3,0,0,1
4824,0,2,3,0,0,0,4
4825,1,1,4,1,1,2,0
4826,0,3,3,3,2,2,1
4827,4,0,0,4,4,1,1
4828,3,1,0,1,4,0,4
4829,2,0,4,0,1,0,2
4830,0,4,0,1,4,4,2
4831,4,3,1,2,0,0,1
4832,2,4,4,2,2,3,0
4833,3,0,3,3,0,1,0
4834,2,1,0,4,2,3,0
4835,4,2,1,3,3,3,1
4836,1,4,3,3,4,2,2
4837,1,4,0,1,3,4,2
4838,3,2,0,3,4,1,0
4839,2,3,0,0,3,0,4
4840,0,1,0,2,4,2,0
4841,0,0,3,3,0,0,1
4842,2,0,4,2,3,0,1
4843,0,4,0,1,3,0,0
4844,4,4,1,4,1,1,1
4845,2,0,3,4,0,1,4
4846,1,3,2,0,3,4,1
4847,1,0,3,3,1,1,3
4848,4,2,4,0,3,2,0
4849,0,2,4,0,3,4,0
4850,3,1,1,3,1,4,0
4851,2,1,4,3,0,2,2
4852,3,2,2,1,3,0,4
4853,2,4,1,1,1,1,3
4854,1,1,3,4,0,2,0
4855,3,4,0,3,4,2,1
4856,2,4,0,0,0,2,0
4857,3,3,3,0,1,1,1
4858,2,2,4,1,1,4,3
4859,2,2,0,1,3,3,4
4860,2,3,0,1,0,2,3
4861,2,0,4,0,4,1,3
4862,1,1,1,2,0,1,4
4863,3,0,4,0,1,0,1
4864,3,0,0,4,1,1,2
4865,0,1,0,3,2,3,0
4866,3,4,3,3,3,0,2
4867,4,0,4,3,3,1,2
4868,0,3,0,4,2,2,4
4869,1,3,0,1,3,1,1
4870,4,1,4,1,0,1,3
4871,0,2,3,1,0,0,1
4872,4,0,4,1,1,0,4
4873,0,3,2,4,2,0,4
4874,1,2,2,3,4,2,3
4875,0,0,1,0,1,0,0
4876,3,1,3,4,3,1,0
4877,0,0,3,2,3,3,3
4878,3,3,0,1,0,1,4
4879,0,0,0,4,2,0,2
4880,3,2,1,1,3,3,3
4881,0,0,2,4,0,4,0
4882,0,3,0,1,0,3,4
4883,3,2,0,3,3,0,3
4884,4,1,1,4,0,1,2
4885,2,0,3,1,2,3,0
4886,2,0,4,0,4,0,0
4887,4,1,4,3,4,2,1
4888,0,4,4,1,4,2,1
4889,3,3,0,3,4,0,4
4890,4,1,3,0,1,1,1
4891,2,1,0,1,0,1,0
4892,4,0,0,2,1,0,1
4893,1,3,3,1,3,4,3
4894,2,2,2,2,0,4,1
4895,3,1,2,0,3,1,0
4896,1,2,3,3,4,0,1
4897,4,0,3,4,1,3,0
4898,2,0,0,0,0,2,0
4899,1,3,2,0,3,4,2
4900,0,2,3,4,2,3,3
4901,4,3,0,1,4,4,4
4902,2,0,4,2,4,4,3
4903,4,0,0,0,4,1,1
4904,1,2,1,3,4,3,3
4905,0,0,0,4,2,1,4
4906,2,4,3,0,3,4,2
4907,1,0,1,2,3,4,4
4908,1,0,2,4,4,3,2
4909,0,0,2,4,4,3,1
4910,2,2,1,2,4,0,1
4911,4,3,3,0,3,2,1
4912,0,3,2,4,3,3,4
4913,1,2,2,0,2,4,3
4914,2,1,0,0,3,0,4
4915,1,2,0,1,3,1,0
4916,4,0,0,0,1,3,2
4917,2,3,0,2,0,0,3
4918,1,3,0,0,0,3,1
4919,2,3,0,4,0,4,4
4920,2,3,1,0,0,0,4
4921,3,3,0,4,0,0,0
4922,2,4,0,4,0,4,4
4923,1,4,4,3,0,1,4
4924,4,3,3,2,1,1,1
4925,2,1,2,2,3,4,1
4926,0,0,2,2,0,1,2
4927,2,0,0,0,3,4,2
4928,1,1,0,4,0,4,1
4929,4,2,1,2,3,2,2
4930,4,2,3,4,0,2,1
4931,2,3,1,0,0,0,2
4932,2,0,2,0,0,3,1
4933,2,3,4,4,0,3,2
4934,4,3,0,2,4,2,0
4935,3,4,3,3,1,4,2
4936,2,0,0,1,4,0,1
4937,1,2,0,4,2,2,0
4938,0,2,4,4,0,0,1
4939,4,2,0,3,3,1,0
4940,2,2,0,2,3,1,0
4941,0,4,3,1,1,2,2
4942,1,1,0,0,0,2,2
4943,0,3,0,3,0,4,3
4944,0,2,2,4,2,2,1
4945,2,3,1,4,0,0,4
4946,4,0,0,0,4,4,0
4947,3,0,2,0,2,0,1
4948,2,1,4,0,3,2,3
4949,1,2,0,3,2,0,4
4950,3,3,2,4,1,2,0
4951,0,4,0,3,0,0,4
4952,3,2,2,2,3,1,3
4953,0,4,1,3,3,0,4
4954,2,2,1,0,4,0,4
4955,4,3,1,4,1,3,0
4956,4,1,4,1,0,2,4
4957,2,4,2,1,1,3,4
4958,1,2,0,4,0,4,4
4959,1,0,4,3,0,3,2
4960,3,1,0,0,2,0,0
4961,2,0,1,4,1,0,1
4962,3,2,1,0,0,0,2
4963,1,1,2,2,2,0,0
4964,3,3,0,0,2,0,2
4965,0,3,4,0,2,0,1
4966,2,1,4,1,2,2,0
4967,1,0,3,1,4,0,1
4968,4,4,1,2,4,3,2
4969,3,4,2,4,1,3,0
4970,4,0,0,3,4,1,0
4971,2,1,2,2,4,4,0
4972,3,1,2,0,1,2,3
4973,1,1,4,1,4,0,1
4974,3,0,4,3,0,2,1
4975,0,2,2,2,1,4,2
4976,2,3,4,1,0,0,1
4977,0,3,2,1,3,2,0
4978,3,1,1,0,3,0,2
4979,2,0,0,0,1,2,3
4980,0,4,2,4,2,2,0
4981,2,3,3,0,3,2,4
4982,1,3,0,0,1,0,1
4983,0,0,4,4,0,0,4
4984,1,1,4,1,1,1,0
4985,2,0,1,2,2,3,4
4986,2,0,2,4,1,3,4
4987,4,0,3,3,1,1,0
4988,0,3,2,1,3,3,2
4989,0,0,4,3,3,2,0
4990,1,4,2,0,1,0,1
4991,0,1,1,1,0,0,0
4992,2,4,0,3,4,4,0
4993,3,4,2,2,0,3,1
4994,4,1,0,2,4,1,4
4995,2,2,4,1,3,3,0
4996,0,2,0,2,0,0,3
4997,4,0,4,1,2,3,0
4998,2,3,4,4,0,0,0
4999,2,1,0,0,4,1,4
5000,1,0,0,0,1,3,2
5001,3,1,0,3,4,4,1
5002,2,0,0,0,2,0,3
5003,2,0,1,0,3,0,1
5004,2,1,0,3,0,0,4
5005,2,1,1,2,0,0,4
5006,0,0,4,4,4,2,4
5007,2,4,0,0,3,2,0
5008,0,4,0,2,1,0,3
5009,0,3,1,1,2,3,3
5010,3,0,4,0,0,0,3
5011,2,4,1,1,1,4,0
5012,2,4,1,1,4,0,4
5013,1,2,3,1,0,4,3
5014,0,0,0,0,4,0,3
5015,4,4,0,1,0,1,1
5016,0,1,3,0,4,4,1
5017,4,3,3,3,1,0,1
5018,0,4,1,4,3,0,2
5019,0,3,4,3,3,0,1
5020,0,2,0,2,1,1,2
5021,4,1,2,0,0,2,0
5022,1,1,0,0,1,0,4
5023,4,0,2,0,1,1,4
5024,0,0,0,1,2,0,2
5025,3,0,4,3,1,0,1
5026,0,3,2,1,4,0,4
5027,0,4,4,0,0,3,1
5028,1,0,1,0,0,0,3
5029,4,2,0,1,1,3,1
5030,0,3,1,0,1,1,1
5031,1,2,0,2,3,0,1
5032,3,2,4,2,0,4,2
5033,0,1,0,2,4,4,2
5034,4,2,3,2,0,4,3
5035,1,3,1,2,4,1,0
5036,3,3,1,0,1,4,0
5037,2,3,1,2,0,0,4
5038,2,0,0,1,3,1,2
5039,4,0,2,0,0,2,1
5040,3,1,2,4,3,0,2
5041,4,1,4,1,4,2,0
5042,0,0,1,2,0,0,3
5043,0,2,1,2,1,2,4
5044,3,3,0,3,2,0,1
5045,2,0,2,0,4,1,0
5046,2,2,4,2,0,4,2
5047,2,2,4,2,2,4,4
5048,4,0,0,0,4,0,2
5049,1,2,0,0,1,1,4
5050,0,3,0,3,0,1,3
5051,4,0,0,0,3,0,0
5052,0,0,1,4,1,0,4
5053,4,1,0,1,1,0,1
5054,2,0,3,3,3,0,3
5055,2,0,3,2,4,3,3
5056,1,4,0,4,1,1,1
5057,2,0,2,1,0,2,0
5058,0,4,1,1,1,2,0
5059,0,0,2,4,3,0,0
5060,2,2,4,2,2,2,2
5061,3,4,4,0,0,3,0
5062,2,2,1,1,0,1,0
5063,0,0,0,0,2,0,4
5064,0,2,4,0,2,0,3
5065,4,2,2,3,1,4,3
5066,0,2,0,4,4,2,1
5067,2,0,2,0,4,4,2
5068,1,0,1,2,0,0,1
5069,2,4,4,3,0,0,2
5070,3,0,0,4,4,1,3
5071,3,3,4,2,0,0,4
5072,4,3,1,0,0,1,3
5073,3,4,2,1,1,1,2
5074,2,2,3,3,1,3,2
5075,1,4,1,0,3,0,3
5076,2,0,4,1,3,1,4
5077,2,0,1,4,3,2,2
5078,1,3,2,3,3,0,1
5079,0,0,3,1,0,3,4
5080,2,4,0,2,0,0,1
5081,0,3,4,1,2,0,0
5082,1,0,3,1,1,4,3
5083,1,0,1,1,0,4,1
5084,3,1,0,4,2,2,2
5085,4,4,1,0,4,4,0
5086,0,1,0,1,3,0,0
5087,3,4,1,4,0,4,4
5088,2,1,0,0,0,4,3
5089,3,1,3,1,3,0,1
5090,0,1,2,0,0,0,3
5091,3,0,0,2,2,3,1
5092,3,4,2,2,0,2,3
5093,3,0,2,0,0,2,0
5094,3,3,4,2,2,0,2
5095,1,2,0,2,3,1,3
5096,2,0,2,0,1,0,1
5097,2,0,3,0,3,0,2
5098,1,0,4,2,2,2,4
5099,0,0,2,3,3,0,0
5100,3,2,2,4,3,4,3
5101,0,4,0,3,0,4,0
5102,1,2,3,2,2,1,2
5103,0,3,1,3,4,3,1
5104,1,0,2,1,0,0,1
5105,1,3,2,3,1,1,1
5106,1,3,4,3,0,4,0
5107,0,1,2,2,1,3,3
5108,2,1,2,0,2,2,3
5109,2,0,2,0,2,0,3
5110,4,1,1,0,1,3,3
5111,0,4,3,3,2,4,4
5112,4,4,0,3,0,0,1
5113,1,2,3,0,1,0,2
5114,4,3,0,1,0,2,2
5115,4,0,1,2,2,1,1
5116,1,2,1,3,2,4,0
5117,2,4,2,1,3,2,0
5118,0,0,2,1,3,1,1
5119,4,0,0,0,3,1,3
5120,2,1,2,1,0,2,0
5121,1,2,2,4,1,2,4
5122,2,0,2,0,1,0,1
5123,1,3,0,1,4,1,3
5124,2,2,0,0,0,0,4
5125,4,4,0,2,3,2,0
5126,1,0,4,1,0,0,3
5127,3,4,3,4,2,1,3
5128,1,4,1,0,2,0,0
5129,2,4,0,0,2,0,1
5130,1,2,4,1,4,4,0
5131,3,0,4,0,0,2,0
5132,2,4,1,2,4,4,2
5133,2,1,4,0,1,2,2
5134,3,2,1,1,3,2,1
5135,3,0,0,3,2,4,0
5136,1,0,3,3,2,0,4
5137,4,2,0,2,1,3,3
5138,1,4,3,0,2,3,1
5139,0,4,0,3,2,4,4
5140,2,2,2,3,1,0,0
5141,3,2,1,1,3,0,2
5142,2,1,0,3,0,0,2
5143,2,1,1,1,1,4,2
5144,1,2,0,1,3,0,0
5145,2,1,2,2,4,3,2
5146,0,1,1,2,2,4,2
5147,1,0,1,1,0,1,1
5148,1,0,3,0,4,3,3
5149,0,2,1,1,2,0,3
5150,0,4,1,0,0,3,3
5151,2,2,2,0,2,3,3
5152,1,0,1,0,0,0,1
5153,1,3,1,2,2,3,4
5154,3,3,1,1,1,2,4
5155,1,3,1,2,3,1,3
5156,2,0,3,3,4,3,0
5157,1,2,4,0,0,4,3
5158,1,2,0,0,0,3,2
5159,4,4,0,0,3,0,4
5160,2,2,2,1,4,0,4
5161,2,1,0,2,1,1,0
5162,2,2,2,3,0,4,3
5163,4,3,4,2,1,4,1
5164,1,0,2,1,1,1,0
5165,2,2,2,2,1,0,3
5166,4,1,3,0,4,4,1
5167,4,2,0,3,0,3,0
5168,1,4,0,0,0,0,2
5169,3,2,3,1,3,2,3
5170,1,1,0,1,3,1,1
5171,0,0,4,0,0,1,0
5172,3,0,2,1,0,1,0
5173,2,2,0,2,2,4,0
5174,3,3,1,4,0,2,1
5175,2,4,0,4,2,1,1
5176,0,0,3,3,1,1,2
5177,2,0,4,1,0,2,0
5178,1,2,4,0,0,0,3
5179,2,2,1,3,0,3,0
5180,2,2,0,0,2,4,1
5181,4,0,1,0,0,4,0
5182,3,3,2,1,4,1,1
5183,0,0,2,2,4,0,0
5184,4,4,1,4,3,2,3
5185,4,0,1,3,1,1,1
5186,3,0,0,0,4,0,4
5187,1,1,4,4,4,4,4
5188,2,3,0,3,3,2,0
5189,0,3,3,3,3,4,0
5190,3,2,0,0,3,0,1
5191,2,3,3,1,4,2,0
5192,3,0,1,0,4,1,1
5193,1,3,4,1,0,2,0
5194,4,0,3,2,0,0,0
5195,1,1,3,1,2,0,2
5196,2,0,4,2,4,2,4
5197,3,0,3,1,4,3,0
5198,1,4,0,1,1,2,4
5199,2,2,0,3,1,2,3
5200,1,3,2,2,1,1,0
5201,2,3,3,1,4,1,0
5202,3,4,3,0,0,0,2
5203,0,3,4,0,4,4,3
5204,1,0,1,4,3,4,0
5205,1,4,3,4,2,1,1
5206,4,0,2,4,3,4,1
5207,1,2,3,1,1,0,0
5208,0,0,3,1,0,1,1
5209,4,4,2,2,4,4,0
5210,1,4,3,2,1,0,2
5211,0,1,1,2,2,0,1
5212,1,1,4,2,3,2,4
5213,3,3,3,2,3,1,0
5214,4,2,0,1,2,0,0
5215,1,2,2,3,4,1,1
5216,0,4,3,1,3,4,2
5217,1,0,1,4,2,4,0
5218,0,1,4,0,1,2,0
5219,3,3,1,4,1,2,1
5220,1,1,0,3,4,1,2
5221,3,2,4,3,0,3,2
5222,2,4,3,2,2,2,4
5223,2,0,0,1,0,0,2
5224,4,1,4,0,4,4,4
5225,3,0,4,4,0,4,4
5226,4,2,0,1,0,3,2
5227,4,2,3,0,0,4,1
5228,0,4,4,1,4,4,3
5229,1,0,2,1,1,1,1
5230,3,1,4,0,0,0,0
5231,4,3,4,1,0,3,1
5232,1,1,4,3,0,3,4
5233,2,1,1,4,2,2,2
5234,0,3,0,1,2,4,0
5235,0,1,0,3,4,4,3
5236,0,0,1,4,0,0,3
5237,3,1,4,2,1,0,3
5238,1,2,0,0,2,1,0
5239,1,0,2,0,3,2,2
5240,3,3,3,2,1,0,0
5241,2,4,3,3,0,2,0
5242,1,3,3,1,4,1,4
5243,2,0,0,1,1,0,2
5244,4,1,1,3,1,1,4
5245,4,2,1,2,0,1,0
5246,2,2,1,1,3,0,4
5247,1,3,1,3,1,3,4
5248,0,4,0,3,2,0,2
5249,3,4,1,1,3,1,3
5250,0,1,2,4,0,0,0
5251,2,1,4,0,1,2,3
5252,1,0,2,4,3,2,2
5253,1,0,4,1,2,3,0
5254,2,2,4,1,0,3,4
5255,4,3,0,1,2,4,1
5256,1,4,3,0,2,4,2
5257,1,3,1,1,2,3,4
5258,3,1,4,4,0,0,1
5259,0,0,0,4,4,0,0
5260,3,1,1,2,1,2,2
5261,0,4,0,1,4,4,0
