,chlorides,total_sulfur_dioxide,volatile_acidity,free_sulfur_dioxide,density,sulphates,residual_sugar
0,0,3,2,0,4,0,0
1,0,1,1,0,1,0,0
2,2,1,0,0,0,0,0
3,0,0,0,0,0,3,0
4,0,0,1,0,0,1,0
5,0,1,4,0,1,0,0
6,0,1,0,0,0,0,0
7,4,0,1,0,1,1,2
8,1,1,1,0,4,0,0
9,1,1,0,0,0,0,0
10,0,1,1,0,0,0,0
11,0,1,1,0,0,0,0
12,0,1,0,0,1,2,0
13,4,1,0,0,0,1,0
14,0,4,2,0,0,3,0
15,0,0,1,0,2,1,0
16,0,1,0,0,1,0,0
17,4,2,1,0,4,0,0
18,0,4,0,0,4,0,0
19,0,1,1,4,0,0,0
20,2,0,0,0,0,3,1
21,0,1,3,3,0,0,0
22,4,0,1,0,0,0,0
23,0,2,0,0,0,0,4
24,0,2,0,3,1,0,1
25,0,1,1,4,1,4,1
26,1,1,0,0,1,0,0
27,0,0,4,0,1,1,0
28,0,0,1,0,0,0,0
29,1,0,0,2,0,1,0
30,0,2,4,1,0,1,0
31,1,1,0,1,4,0,0
32,3,1,1,0,1,1,0
33,0,1,1,0,0,0,0
34,0,4,0,0,0,0,3
35,0,0,1,0,0,0,0
36,0,2,1,0,0,4,0
37,0,4,0,1,1,0,1
38,0,1,0,0,3,0,0
39,0,1,0,0,0,0,0
40,0,1,0,0,0,1,0
41,3,2,3,0,0,0,0
42,0,0,0,3,4,1,0
43,0,2,3,3,0,1,0
44,0,1,4,0,3,3,0
45,2,0,1,0,0,1,1
46,0,4,0,0,4,0,0
47,0,1,0,0,1,0,1
48,1,2,1,0,1,0,1
49,3,0,0,0,0,0,0
50,0,1,0,0,2,0,0
51,0,3,1,0,0,1,0
52,0,1,3,0,0,4,0
53,0,2,2,4,0,1,0
54,0,0,4,1,0,1,0
55,0,0,0,0,0,1,0
56,1,1,0,0,0,0,0
57,0,1,0,0,0,0,0
58,0,0,1,0,0,1,0
59,0,2,4,0,0,0,0
60,0,1,0,4,0,0,0
61,0,1,2,1,0,0,3
62,0,1,1,0,1,2,0
63,1,0,1,0,3,1,1
64,0,0,0,0,0,0,0
65,0,1,0,0,0,4,0
66,0,2,0,0,0,1,0
67,0,1,4,4,0,1,3
68,1,0,0,0,4,3,0
69,0,1,0,0,0,1,0
70,1,0,0,1,1,1,2
71,0,0,0,0,0,1,4
72,0,1,1,0,0,0,0
73,0,3,0,0,0,0,0
74,0,0,2,0,1,0,0
75,0,0,1,0,1,4,0
76,0,1,0,0,4,0,0
77,2,1,0,1,0,1,2
78,0,1,0,1,0,0,0
79,0,0,1,4,1,4,0
80,0,2,1,0,1,4,3
81,0,4,0,0,1,0,1
82,2,1,0,0,0,3,3
83,2,1,4,0,2,1,0
84,0,0,4,0,0,0,0
85,0,1,0,0,3,0,0
86,0,0,0,0,1,0,0
87,1,1,4,0,0,1,0
88,4,1,0,0,0,0,0
89,0,0,2,0,0,0,1
90,0,0,1,0,3,1,1
91,1,0,3,0,0,0,0
92,0,0,0,0,0,0,0
93,0,1,0,0,1,0,1
94,0,2,0,0,0,1,4
95,0,0,0,1,0,1,0
96,0,1,0,0,0,0,0
97,0,2,3,0,0,0,0
98,3,2,0,1,1,1,2
99,0,0,0,0,0,0,0
100,0,1,0,0,0,0,0
101,1,1,0,2,0,0,0
102,4,3,0,0,0,0,0
103,0,0,0,3,0,1,0
104,0,1,0,0,1,0,1
105,0,2,3,0,0,0,0
106,0,1,0,0,0,2,4
107,0,0,1,4,1,4,2
108,0,3,3,0,0,0,0
109,0,1,0,1,0,3,0
110,4,1,0,0,0,1,0
111,0,1,1,4,2,0,0
112,0,1,0,0,2,0,0
113,0,0,1,0,4,1,0
114,0,2,0,0,2,0,3
115,0,0,2,1,1,1,2
116,4,0,1,4,1,1,1
117,0,2,3,1,1,0,3
118,3,1,1,0,0,0,0
119,0,4,1,1,0,1,1
120,0,1,4,0,0,0,0
121,0,1,4,4,0,0,0
122,0,0,2,0,0,0,3
123,0,1,0,0,0,1,0
124,0,0,0,0,1,1,0
125,0,0,0,0,1,1,0
126,4,0,3,1,1,2,1
127,0,1,0,0,0,1,0
128,0,1,0,0,0,0,0
129,0,1,0,4,2,1,1
130,0,2,0,0,0,0,0
131,0,1,0,0,0,0,0
132,0,1,1,0,0,0,0
133,0,1,3,3,0,4,0
134,0,4,2,3,0,0,0
135,4,0,2,0,0,0,0
136,0,2,0,3,0,0,0
137,0,1,0,0,4,0,3
138,0,0,0,0,4,0,4
139,0,1,0,4,1,1,1
140,4,0,0,0,0,0,0
141,0,0,0,0,0,3,0
142,0,1,0,0,0,0,0
143,0,0,0,0,0,0,0
144,0,0,0,0,0,0,0
145,0,2,0,1,4,0,1
146,1,1,0,3,0,0,2
147,0,1,0,0,0,3,2
148,0,1,1,0,0,0,0
149,0,4,2,0,1,0,0
150,0,0,1,0,1,0,0
151,0,1,1,0,0,0,0
152,0,0,1,0,0,2,0
153,4,2,4,0,0,1,0
154,0,0,4,2,0,1,0
155,2,1,0,0,0,0,0
156,0,0,0,1,3,0,0
157,0,3,1,0,2,1,0
158,2,0,2,2,2,4,1
159,0,0,0,1,1,1,0
160,4,4,2,1,0,0,0
161,0,0,0,0,4,0,0
162,0,0,0,3,0,0,0
163,0,4,4,0,0,0,3
164,1,2,0,1,0,0,4
165,0,2,0,0,1,0,1
166,0,4,4,4,2,1,2
167,0,2,0,0,0,0,0
168,0,2,0,3,1,3,0
169,0,0,1,2,0,1,1
170,4,0,4,0,0,0,0
171,0,0,1,0,1,1,0
172,0,0,0,0,1,1,2
173,0,2,0,1,1,0,1
174,3,2,0,1,0,0,0
175,0,2,2,0,0,1,0
176,0,1,0,0,0,0,0
177,0,1,0,0,0,2,2
178,2,1,0,0,3,3,2
179,0,0,0,1,1,0,0
180,0,0,1,0,1,1,0
181,0,0,0,0,1,4,0
182,4,1,0,0,0,4,0
183,0,1,0,1,0,0,0
184,4,2,0,0,0,0,0
185,1,1,0,1,0,1,3
186,0,0,1,0,1,0,3
187,0,1,1,0,2,0,0
188,0,1,0,3,1,0,1
189,0,0,0,0,3,1,0
190,0,1,1,3,0,1,2
191,0,1,0,0,0,2,0
192,0,1,0,0,0,1,0
193,0,1,0,2,0,0,3
194,0,0,2,0,0,1,0
195,1,1,0,4,4,0,1
196,1,0,0,0,0,2,0
197,0,1,0,0,0,0,0
198,0,1,0,1,0,4,2
199,4,1,0,1,1,0,0
200,0,1,0,0,0,0,0
201,0,0,1,0,1,2,0
202,0,1,0,2,0,0,0
203,0,0,2,0,1,0,0
204,0,1,0,0,1,0,1
205,0,4,0,1,0,0,1
206,3,0,0,3,2,4,0
207,1,2,2,0,0,1,0
208,0,1,0,0,2,1,0
209,0,3,2,0,0,1,0
210,1,0,0,0,2,1,0
211,0,1,0,0,4,0,4
212,0,0,0,0,0,1,0
213,2,0,2,0,0,1,0
214,0,1,2,0,0,0,0
215,0,2,0,1,1,0,2
216,0,3,1,0,1,3,3
217,0,1,0,0,0,1,0
218,0,1,0,0,0,3,0
219,3,1,0,4,1,0,0
220,1,1,1,0,0,0,0
221,2,0,0,2,4,1,0
222,2,1,0,0,0,0,0
223,0,0,3,0,0,0,0
224,4,1,0,0,2,0,0
225,0,1,0,0,0,0,0
226,3,1,0,0,0,0,0
227,0,0,1,0,0,1,0
228,0,3,0,0,0,0,3
229,0,3,1,0,3,0,0
230,3,4,1,0,1,0,1
231,0,0,3,0,1,1,0
232,0,0,0,1,0,1,2
233,0,0,1,0,4,1,3
234,0,1,1,0,0,0,0
235,0,0,1,0,0,1,0
236,0,0,2,3,0,1,2
237,4,1,0,4,0,1,0
238,1,0,0,0,0,1,0
239,0,1,0,0,0,0,0
240,0,2,0,3,1,3,0
241,0,0,1,4,1,0,0
242,0,1,0,1,0,0,0
243,0,1,0,0,2,1,0
244,4,1,0,4,1,0,0
245,0,1,0,0,0,0,0
246,0,0,0,0,3,1,0
247,0,1,0,0,1,4,0
248,0,1,0,0,4,0,3
249,0,1,1,1,0,0,3
250,0,1,1,2,0,0,0
251,0,1,0,0,0,0,4
252,1,0,1,0,0,4,0
253,4,4,0,2,0,0,0
254,0,1,0,1,0,0,4
255,4,1,4,0,0,0,0
256,0,3,0,1,0,1,0
257,0,1,0,0,2,3,0
258,1,1,1,0,1,0,0
259,4,0,0,0,0,0,3
260,0,1,3,0,2,2,0
261,0,4,2,0,0,0,0
262,0,4,2,4,0,4,0
263,0,0,0,0,1,1,0
264,0,3,1,0,1,3,0
265,0,1,1,0,3,0,0
266,0,1,0,0,0,1,0
267,0,1,1,0,1,1,0
268,0,0,3,4,0,1,3
269,0,1,1,0,4,4,0
270,2,1,0,1,0,0,1
271,0,0,3,0,1,3,0
272,0,0,0,0,2,0,2
273,0,4,2,4,3,0,0
274,0,1,0,0,1,0,2
275,0,1,0,3,0,0,0
276,0,1,0,0,0,0,0
277,1,3,0,0,0,0,0
278,0,0,3,0,0,4,0
279,0,2,0,0,2,3,2
280,0,0,1,2,1,1,4
281,0,1,0,1,4,1,0
282,1,1,1,0,4,0,0
283,0,0,1,0,3,0,0
284,0,0,1,0,1,1,2
285,3,0,0,0,0,1,0
286,4,2,0,2,0,1,1
287,2,0,1,4,1,1,0
288,4,1,0,0,0,2,0
289,0,0,0,2,0,0,0
290,0,1,0,0,0,2,4
291,2,0,0,0,0,0,0
292,0,4,0,0,0,0,0
293,0,0,0,2,0,1,1
294,0,3,2,3,2,0,0
295,0,1,0,0,2,0,1
296,0,1,2,0,0,4,0
297,2,4,2,0,0,0,2
298,0,0,0,4,1,1,0
299,1,1,0,0,0,2,0
300,0,3,0,1,3,0,1
301,0,1,0,1,2,0,0
302,0,2,1,0,0,0,0
303,0,0,0,0,4,2,0
304,0,0,4,2,3,0,0
305,3,1,1,0,1,2,0
306,0,1,1,0,0,2,3
307,0,2,0,0,0,0,0
308,3,1,0,3,0,0,0
309,0,1,2,1,0,1,0
310,2,2,0,3,0,0,2
311,0,1,0,0,0,1,4
312,0,1,0,4,0,1,2
313,0,1,4,2,0,3,3
314,1,1,0,0,0,0,0
315,0,0,0,0,0,1,0
316,0,0,0,0,2,0,0
317,0,1,1,1,0,3,3
318,0,0,0,0,1,3,3
319,0,3,0,3,0,1,0
320,0,1,0,0,0,2,1
321,0,1,2,0,0,1,0
322,0,0,0,0,4,0,0
323,4,1,0,1,0,0,0
324,0,1,3,0,0,0,2
325,3,1,0,0,0,2,0
326,0,4,0,0,4,0,1
327,0,1,3,0,4,1,0
328,0,0,1,2,0,0,2
329,0,2,0,0,1,1,0
330,0,4,0,0,0,0,0
331,0,1,2,4,0,1,0
332,0,0,1,0,0,0,2
333,0,0,2,0,0,1,3
334,1,0,3,0,0,2,0
335,0,1,0,0,1,0,1
336,4,1,0,3,0,0,0
337,0,1,0,1,0,0,1
338,0,1,0,4,0,0,0
339,4,2,0,0,2,0,3
340,1,3,4,0,1,1,0
341,0,0,1,2,0,0,0
342,0,1,0,0,2,0,1
343,0,1,0,0,0,0,0
344,0,2,0,0,0,0,0
345,4,2,0,0,0,1,0
346,1,1,0,1,0,4,1
347,0,3,4,0,4,4,0
348,0,2,0,0,0,0,0
349,0,0,0,3,0,0,0
350,2,1,0,0,0,0,0
351,0,1,0,0,3,3,0
352,0,0,0,1,0,0,2
353,0,1,0,0,1,0,0
354,0,1,0,3,0,1,0
355,4,2,0,0,3,0,0
356,0,2,3,1,0,0,0
357,4,2,0,0,0,1,0
358,0,0,3,0,1,0,3
359,0,1,0,0,0,4,0
360,0,1,0,4,1,0,0
361,0,0,2,0,3,1,0
362,0,2,1,1,4,0,0
363,0,3,1,0,1,1,0
364,0,1,0,0,3,0,0
365,1,2,0,0,0,1,0
366,0,1,1,0,0,1,0
367,0,0,2,4,0,0,0
368,0,1,0,0,0,1,0
369,0,1,0,3,0,1,0
370,3,1,1,0,1,1,1
371,0,1,2,0,0,0,0
372,0,0,0,0,0,0,0
373,0,2,4,0,0,2,0
374,0,2,4,0,0,0,0
375,0,1,0,0,0,1,0
376,3,0,1,0,0,3,0
377,0,2,0,2,1,0,0
378,4,0,1,4,0,4,0
379,3,1,3,0,0,0,0
380,2,2,0,0,0,1,1
381,0,1,0,0,0,0,0
382,1,1,0,0,3,2,0
383,0,2,2,0,2,1,1
384,0,1,0,0,1,0,0
385,2,1,0,0,4,1,4
386,0,1,1,0,0,0,0
387,1,2,0,3,0,0,4
388,2,1,2,0,0,0,0
389,0,1,0,0,0,0,0
390,0,0,0,1,1,1,0
391,0,1,0,0,0,0,4
392,0,4,1,0,1,0,0
393,0,1,4,0,1,0,0
394,0,0,0,1,1,2,0
395,0,1,0,3,0,2,2
396,0,1,4,0,1,2,0
397,0,0,0,0,0,3,0
398,1,0,0,0,0,0,0
399,0,1,4,1,0,4,3
400,3,0,1,0,0,0,0
401,0,0,1,0,0,2,0
402,0,0,0,0,0,0,0
403,1,0,1,4,0,1,0
404,0,0,1,0,1,0,0
405,0,1,4,2,2,0,0
406,0,1,1,1,0,1,1
407,3,1,0,0,0,0,1
408,0,0,1,0,1,3,1
409,4,3,1,4,1,0,1
410,0,0,3,0,0,0,0
411,0,4,0,0,1,0,0
412,3,3,1,2,0,0,3
413,0,1,2,0,0,2,0
414,0,1,1,0,0,0,0
415,2,4,1,0,1,0,0
416,0,1,0,0,1,0,0
417,0,2,1,1,0,3,0
418,0,2,0,0,1,4,0
419,0,0,1,3,3,1,0
420,1,1,0,0,1,0,0
421,0,2,0,0,0,0,1
422,1,1,1,2,0,0,0
423,0,1,0,0,0,0,0
424,0,0,4,0,2,0,0
425,0,0,0,3,4,1,0
426,0,1,1,0,0,0,0
427,0,1,3,0,0,2,0
428,0,3,4,0,0,0,0
429,3,2,1,1,0,0,0
430,0,4,0,3,0,0,0
431,0,1,4,0,3,0,1
432,0,1,1,1,1,2,0
433,0,1,0,1,0,2,0
434,3,0,0,3,0,0,0
435,1,2,3,0,0,0,4
436,2,1,0,0,0,1,0
437,0,0,0,0,0,2,0
438,0,0,0,0,0,0,0
439,0,0,4,0,0,2,0
440,0,1,0,0,0,0,0
441,0,0,0,0,0,1,1
442,0,0,0,0,0,0,0
443,0,0,1,0,0,0,0
444,0,0,0,0,0,0,4
445,4,1,0,0,1,0,1
446,0,1,0,0,1,0,1
447,0,3,1,0,4,1,0
448,0,3,1,0,0,0,3
449,2,1,1,0,0,1,4
450,0,0,1,0,1,0,0
451,0,4,0,0,3,1,1
452,0,0,2,0,1,3,1
453,0,1,0,0,1,0,3
454,0,3,0,0,0,1,2
455,4,0,3,0,0,0,3
456,1,0,2,0,4,0,0
457,0,0,2,0,0,1,0
458,0,0,4,1,0,4,0
459,3,0,1,2,1,1,0
460,1,1,0,0,4,3,0
461,0,2,0,0,0,0,3
462,0,1,0,4,0,0,0
463,0,2,0,0,1,0,1
464,0,1,0,0,0,0,1
465,3,0,3,0,0,0,4
466,0,4,0,0,0,1,0
467,0,4,1,0,0,3,0
468,0,1,1,0,0,2,2
469,1,0,1,4,4,3,0
470,4,1,0,4,0,0,0
471,2,0,1,0,0,0,0
472,2,1,2,2,0,0,2
473,0,2,0,1,0,0,0
474,0,1,4,0,0,0,0
475,0,1,0,0,0,1,4
476,4,1,0,1,0,0,0
477,0,2,0,0,0,1,0
478,0,1,0,0,0,0,0
479,0,1,0,1,0,0,0
480,0,1,3,1,1,0,4
481,0,2,1,4,0,0,0
482,0,2,0,0,4,1,0
483,0,0,0,0,0,4,0
484,0,1,1,0,0,0,1
485,0,1,1,1,2,0,0
486,0,2,3,0,0,0,1
487,0,0,1,1,1,1,3
488,0,1,3,4,0,0,1
489,1,1,0,0,0,2,0
490,4,1,0,0,0,0,0
491,2,1,4,1,1,0,0
492,1,1,0,3,0,0,0
493,4,1,0,0,0,0,3
494,0,0,2,1,0,0,0
495,0,3,0,0,1,0,0
496,0,0,0,0,0,2,0
497,0,2,0,0,2,4,0
498,0,1,0,4,1,0,0
499,4,4,0,1,0,0,4
500,1,1,0,0,4,2,4
501,2,3,0,3,4,0,0
502,1,0,0,1,2,1,4
503,0,2,0,0,0,0,0
504,0,0,0,0,0,0,0
505,0,0,4,0,4,0,2
506,0,1,4,0,4,2,0
507,0,2,3,1,0,0,1
508,0,4,1,0,0,1,0
509,0,0,2,0,3,1,0
510,1,1,4,1,1,2,0
511,0,2,4,1,0,2,0
512,1,0,1,0,3,3,0
513,0,1,0,1,0,1,2
514,1,0,1,0,0,1,0
515,0,0,0,0,3,0,4
516,0,3,0,0,4,0,2
517,0,4,0,3,0,1,0
518,0,3,1,0,0,0,0
519,0,1,2,0,0,2,0
520,0,1,1,0,0,0,0
521,0,2,0,1,4,0,0
522,0,1,3,0,0,1,0
523,0,0,1,1,0,0,0
524,1,2,1,1,3,2,0
525,2,0,1,0,0,2,0
526,0,1,0,0,1,2,2
527,3,0,0,2,0,1,0
528,1,0,2,0,0,0,0
529,1,0,2,0,0,1,0
530,0,1,0,1,2,0,0
531,0,1,2,0,0,0,0
532,0,1,0,0,0,1,0
533,0,1,2,1,0,3,0
534,0,1,1,4,4,4,0
535,1,0,0,0,0,0,1
536,0,0,1,1,1,0,0
537,0,0,3,0,0,1,1
538,0,2,0,0,2,1,0
539,0,1,0,0,0,0,0
540,0,1,0,0,2,1,0
541,0,2,0,2,0,1,0
542,0,4,0,0,3,0,0
543,0,2,0,0,1,3,0
544,0,0,0,0,0,1,0
545,0,0,1,0,0,0,0
546,0,0,3,0,2,1,0
547,0,2,1,0,0,0,0
548,0,0,0,0,2,1,0
549,3,0,0,0,4,0,0
550,1,0,0,2,2,1,0
551,0,1,3,0,0,0,0
552,2,1,4,0,0,0,0
553,0,1,0,0,0,0,0
554,4,1,3,1,0,0,0
555,0,1,0,0,2,0,0
556,0,0,0,0,0,3,4
557,3,0,3,0,1,1,4
558,0,1,0,0,0,0,0
559,0,1,0,0,0,0,0
560,0,1,3,0,1,0,0
561,2,0,1,2,2,0,0
562,0,0,3,0,0,1,4
563,0,0,0,0,0,0,2
564,0,1,0,3,0,0,0
565,0,1,0,0,1,1,0
566,0,1,0,1,0,0,3
567,0,0,0,0,0,0,2
568,0,1,1,0,4,0,3
569,1,2,2,0,1,1,2
570,0,1,0,3,0,4,0
571,0,0,0,0,1,1,3
572,0,1,0,0,0,1,2
573,3,1,0,0,0,0,0
574,0,1,1,0,0,1,0
575,3,0,1,2,0,2,4
576,0,2,0,0,0,0,0
577,0,1,0,0,0,0,3
578,0,2,0,0,0,0,0
579,0,1,0,0,0,0,0
580,0,1,4,0,0,0,1
581,0,0,4,3,2,0,1
582,0,1,3,1,4,0,0
583,0,1,0,0,1,0,2
584,0,2,4,0,0,0,1
585,0,1,0,4,4,0,0
586,2,0,0,3,2,3,0
587,0,0,0,0,0,0,0
588,0,0,0,0,0,0,0
589,0,1,0,0,0,3,0
590,0,2,0,0,1,0,1
591,1,0,4,3,0,0,0
592,0,1,0,0,0,0,0
593,3,4,1,0,0,4,0
594,4,1,0,1,0,0,3
595,0,1,0,0,1,1,1
596,0,1,0,0,3,1,0
597,3,2,2,0,0,1,4
598,0,1,0,0,0,0,0
599,0,2,0,4,3,0,4
600,0,3,1,3,0,0,0
601,0,0,0,0,0,0,0
602,0,4,0,1,2,0,1
603,0,0,0,0,1,1,0
604,3,0,1,0,0,0,4
605,0,1,0,0,0,0,0
606,0,1,0,1,0,0,2
607,4,0,1,0,4,1,0
608,0,2,0,3,0,2,0
609,4,0,1,0,1,1,0
610,0,0,1,0,0,1,0
611,0,0,1,0,0,0,2
612,0,1,0,0,0,0,0
613,0,0,0,0,0,0,1
614,0,0,1,4,1,0,0
615,0,1,3,0,0,0,0
616,1,0,0,4,0,4,0
617,0,1,0,1,0,1,0
618,0,2,0,1,0,0,2
619,0,1,0,0,0,0,0
620,0,1,4,1,2,1,0
621,0,2,0,0,4,1,1
622,0,2,0,0,0,0,0
623,0,1,0,2,0,2,0
624,0,1,0,3,3,0,0
625,0,2,0,0,2,0,0
626,0,1,0,2,1,0,1
627,0,3,3,0,0,1,4
628,2,0,4,0,1,3,0
629,4,4,1,0,0,0,3
630,4,0,0,4,0,0,3
631,0,2,4,3,1,1,0
632,0,1,0,0,1,0,2
633,0,1,0,0,0,0,0
634,4,1,0,0,0,0,0
635,0,3,0,0,0,0,1
636,0,0,0,0,2,1,1
637,0,0,1,0,2,0,0
638,0,4,4,0,2,2,0
639,0,0,1,3,1,3,0
640,0,1,0,0,1,0,0
641,0,0,2,1,1,1,0
642,0,0,0,0,0,0,0
643,0,2,0,0,0,0,0
644,0,0,4,0,1,0,0
645,0,2,0,0,1,0,1
646,0,1,4,0,0,0,0
647,4,3,0,4,0,0,0
648,0,2,0,0,0,1,0
649,4,1,0,0,0,0,4
650,4,1,1,0,4,0,0
651,0,2,0,0,0,1,1
652,0,0,3,4,4,4,0
653,2,0,2,0,2,1,1
654,3,1,0,0,0,0,0
655,1,1,0,1,2,2,0
656,0,3,2,0,3,2,0
657,3,2,1,1,0,0,0
658,0,2,0,2,0,0,0
659,0,1,4,0,2,0,0
660,0,1,3,0,0,2,0
661,0,0,1,0,0,0,2
662,0,1,0,1,0,0,0
663,0,4,0,0,0,0,1
664,0,2,0,0,1,2,2
665,0,1,0,0,2,3,0
666,0,1,0,0,1,0,0
667,0,1,4,0,0,0,0
668,0,1,0,3,0,1,1
669,0,0,0,0,0,0,2
670,0,1,0,1,0,1,0
671,3,4,0,0,4,0,0
672,4,0,1,0,0,0,0
673,0,1,0,0,1,0,3
674,0,1,1,0,1,1,1
675,4,4,0,0,0,0,0
676,1,2,2,0,2,1,0
677,2,1,0,0,0,0,0
678,0,3,1,0,4,1,0
679,1,1,0,0,0,4,4
680,2,0,0,0,0,0,0
681,0,1,0,3,2,0,3
682,3,4,0,0,4,4,1
683,1,4,1,1,0,2,0
684,4,4,2,1,1,1,0
685,0,0,1,0,0,1,4
686,4,1,2,0,0,0,0
687,0,1,0,0,0,0,0
688,4,1,1,0,0,0,1
689,0,1,0,0,0,0,0
690,0,0,1,1,0,1,0
691,3,1,1,0,0,0,0
692,0,1,4,0,0,0,0
693,0,4,1,1,0,1,1
694,0,0,1,3,1,1,0
695,1,2,0,1,2,2,3
696,3,0,1,0,0,1,0
697,0,2,0,0,2,0,0
698,0,1,3,0,1,0,0
699,0,0,0,0,0,2,0
700,4,1,0,1,1,0,1
701,0,2,0,0,0,2,1
702,1,1,1,0,0,0,0
703,0,1,0,3,0,0,0
704,0,0,1,0,1,3,3
705,0,3,2,4,1,0,0
706,0,4,0,0,0,0,0
707,0,4,0,0,0,0,0
708,0,0,1,0,1,1,0
709,0,1,0,0,0,0,0
710,0,1,2,0,0,0,0
711,3,2,0,0,3,1,3
712,4,1,0,0,0,1,4
713,0,1,0,0,0,0,0
714,0,0,1,0,0,0,1
715,3,2,1,0,0,0,1
716,0,0,0,0,0,3,0
717,0,1,1,0,0,1,0
718,0,1,1,0,0,0,0
719,2,0,0,0,0,2,0
720,0,3,0,0,0,0,0
721,2,1,0,1,1,0,0
722,2,1,0,4,3,1,0
723,2,1,1,0,0,0,0
724,0,2,0,0,1,3,0
725,0,3,0,0,1,0,0
726,0,1,0,0,0,0,4
727,0,3,0,0,1,1,0
728,2,3,3,0,0,0,1
729,0,1,0,0,0,0,1
730,0,4,0,0,0,0,0
731,1,0,4,0,2,2,0
732,0,0,0,0,0,1,0
733,0,2,1,0,1,1,3
734,0,0,0,0,0,1,3
735,0,1,1,0,0,0,0
736,0,0,0,0,0,0,0
737,0,1,0,4,1,0,0
738,0,1,0,0,0,4,0
739,0,4,0,3,0,0,0
740,0,4,4,0,4,4,0
741,4,0,1,0,0,1,0
742,0,0,1,2,0,0,4
743,0,3,0,3,0,0,0
744,3,0,0,2,1,0,0
745,0,1,0,0,0,1,0
746,1,0,0,0,1,1,1
747,4,2,0,0,0,0,0
748,0,2,0,0,4,4,0
749,0,0,0,4,0,0,0
750,4,4,1,4,1,4,0
751,0,0,1,0,0,1,0
752,1,0,2,0,0,4,4
753,0,1,4,4,3,0,3
754,1,2,1,3,1,1,0
755,0,1,0,1,0,0,0
756,3,1,0,0,2,1,0
757,0,3,1,0,0,3,0
758,0,0,0,0,3,0,0
759,1,0,0,0,1,0,1
760,0,1,0,2,0,1,0
761,2,2,0,0,0,0,0
762,2,1,0,0,4,0,0
763,0,0,0,2,0,0,0
764,0,1,0,1,0,0,4
765,0,1,0,4,1,0,3
766,0,1,0,4,0,3,4
767,0,1,4,0,0,4,0
768,0,3,3,1,1,0,4
769,0,1,1,3,0,0,0
770,0,1,0,3,3,0,0
771,2,4,0,2,0,3,0
772,1,0,4,0,0,0,0
773,1,0,1,0,0,0,0
774,1,2,0,2,4,1,0
775,0,1,0,2,2,0,3
776,0,1,0,0,0,4,3
777,0,0,2,0,0,4,0
778,0,0,1,0,0,1,0
779,0,1,2,1,1,3,1
780,0,0,0,0,0,0,0
781,0,1,1,1,0,0,0
782,4,1,0,1,2,0,0
783,0,1,0,1,0,0,0
784,2,0,1,0,1,0,0
785,0,0,4,0,0,0,2
786,4,2,4,0,1,3,1
787,0,4,0,0,0,4,4
788,0,3,1,1,0,0,0
789,0,2,4,0,0,0,0
790,2,1,1,0,0,1,0
791,3,1,0,0,1,1,3
792,0,0,2,0,0,0,0
793,0,1,1,0,4,0,0
794,0,2,0,0,2,1,0
795,0,0,4,0,0,0,0
796,1,1,1,0,0,0,0
797,0,3,2,0,0,1,0
798,0,3,0,0,0,1,0
799,0,1,0,0,0,0,0
800,1,0,2,0,0,1,0
801,0,2,0,0,1,4,4
802,0,1,0,0,0,3,0
803,1,1,0,2,0,1,1
804,1,0,1,0,1,1,0
805,0,0,1,1,0,2,3
806,0,0,0,4,0,1,0
807,0,0,0,3,0,0,0
808,0,0,0,0,0,1,0
809,0,0,1,0,0,0,0
810,0,0,0,0,0,4,0
811,0,1,0,1,0,0,0
812,0,0,2,1,0,1,0
813,0,3,1,0,0,0,0
814,4,0,0,0,3,0,0
815,0,2,0,0,0,3,0
816,0,2,0,0,0,0,0
817,0,0,1,0,0,0,0
818,0,1,0,2,3,0,3
819,3,2,1,0,1,0,0
820,0,1,0,0,1,3,3
821,0,1,0,0,0,1,2
822,0,4,0,2,1,2,0
823,0,2,0,1,1,0,1
824,0,2,0,2,0,0,1
825,3,1,0,0,0,0,0
826,0,2,0,0,3,3,3
827,0,1,1,1,2,0,0
828,0,1,3,1,0,4,1
829,0,1,0,0,0,1,0
830,0,3,0,0,0,1,0
831,0,1,1,0,0,0,0
832,0,0,1,0,0,0,0
833,0,0,2,0,1,1,0
834,0,1,0,0,0,0,0
835,1,3,0,1,0,4,0
836,0,0,0,0,1,1,0
837,0,1,1,3,0,0,0
838,0,0,3,0,1,1,0
839,0,2,2,0,4,4,0
840,0,0,1,0,1,1,3
841,0,1,0,2,0,0,0
842,0,1,1,0,0,1,0
843,0,0,1,0,0,0,0
844,0,2,0,0,3,1,0
845,1,1,0,0,0,0,0
846,0,1,3,0,2,0,1
847,0,1,4,1,0,1,3
848,4,3,1,2,0,0,0
849,0,0,0,0,0,1,0
850,1,2,0,4,0,0,2
851,1,1,0,0,4,0,0
852,1,1,1,4,1,0,0
853,0,0,0,0,0,0,0
854,0,0,0,0,0,1,0
855,4,0,0,0,0,3,0
856,3,1,0,0,4,1,0
857,1,3,1,0,0,0,0
858,1,0,3,0,0,4,0
859,0,4,1,0,2,0,0
860,0,1,1,0,0,0,0
861,0,1,1,3,1,3,1
862,0,1,0,0,4,0,1
863,3,2,0,1,0,0,0
864,0,1,0,0,0,0,0
865,0,1,0,0,0,0,0
866,0,0,1,0,0,0,4
867,4,2,0,0,0,1,0
868,0,2,3,0,0,1,0
869,0,1,0,1,0,0,0
870,0,1,0,0,0,0,0
871,0,1,2,0,1,0,3
872,0,3,0,2,3,4,3
873,2,1,1,0,0,2,0
874,4,1,0,2,0,1,0
875,2,2,0,0,3,0,0
876,0,2,0,0,0,0,0
877,4,2,0,0,0,3,0
878,2,2,3,0,2,0,2
879,0,0,2,0,0,1,4
880,0,0,1,1,1,1,0
881,0,0,0,0,0,1,0
882,3,0,1,0,2,1,0
883,0,2,0,0,0,2,0
884,0,1,0,3,2,2,1
885,0,1,1,0,0,1,0
886,0,1,0,0,0,1,0
887,0,1,0,0,0,4,0
888,0,2,3,0,0,4,0
889,0,1,3,4,0,0,0
890,4,0,1,0,0,0,0
891,1,0,2,2,0,0,0
892,2,0,1,0,0,1,0
893,0,2,1,0,0,2,0
894,0,0,2,1,1,0,0
895,0,2,3,0,0,1,0
896,0,2,1,0,3,0,2
897,2,1,1,4,0,0,0
898,0,1,0,1,0,2,4
899,0,0,1,3,4,0,0
900,0,1,0,1,0,0,0
901,2,2,1,0,0,1,0
902,0,1,0,0,0,1,0
903,0,1,4,0,0,0,1
904,0,0,0,0,0,0,0
905,0,1,3,3,1,0,1
906,3,3,1,2,0,3,0
907,0,1,0,0,0,0,0
908,4,1,0,0,2,0,3
909,2,0,0,0,2,0,0
910,1,3,1,0,1,0,0
911,0,2,3,1,0,1,0
912,0,0,0,0,0,4,0
913,0,1,0,0,3,0,0
914,0,0,0,0,0,0,0
915,0,1,0,0,0,0,0
916,0,1,0,1,0,1,0
917,1,0,3,0,0,0,0
918,0,0,0,0,0,0,4
919,0,1,1,0,1,0,4
920,0,2,0,2,3,1,0
921,2,4,0,1,0,0,4
922,2,2,1,0,0,1,0
923,0,0,0,3,0,1,0
924,2,1,0,0,0,0,0
925,0,0,2,0,0,4,0
926,4,1,0,0,0,1,4
927,3,1,0,1,0,0,0
928,0,2,0,3,0,0,0
929,0,1,0,0,0,0,0
930,0,1,0,0,0,1,2
931,0,3,0,0,0,1,0
932,0,1,1,0,0,0,0
933,4,1,1,4,0,0,1
934,0,0,1,0,0,0,0
935,0,2,0,3,3,0,0
936,0,0,1,3,1,4,0
937,4,1,0,0,0,4,0
938,0,2,0,0,1,0,3
939,1,2,2,1,1,0,1
940,1,3,1,0,0,0,0
941,0,1,0,0,1,1,1
942,0,4,0,0,0,0,0
943,0,1,4,2,0,3,0
944,0,4,1,2,0,0,0
945,3,1,0,4,0,0,0
946,0,2,3,0,1,1,2
947,0,1,3,0,0,0,0
948,0,1,2,0,1,1,0
949,0,2,1,1,4,0,0
950,0,1,0,0,2,2,0
951,3,0,1,0,2,0,1
952,0,1,1,1,3,0,0
953,4,2,0,0,2,0,0
954,0,4,0,4,0,1,0
955,1,2,4,0,1,0,0
956,2,2,4,0,2,3,0
957,4,0,1,0,0,0,2
958,0,2,2,1,3,4,4
959,0,2,0,2,0,0,0
960,0,0,1,0,1,1,0
961,0,3,0,0,0,0,0
962,0,1,0,0,3,4,0
963,3,2,0,0,0,1,0
964,0,2,0,0,1,0,1
965,2,1,0,1,1,1,1
966,0,1,0,0,0,0,0
967,3,1,1,0,0,0,4
968,0,0,1,0,0,3,2
969,0,1,0,2,0,0,0
970,0,1,0,1,0,1,0
971,4,2,1,0,1,0,0
972,0,2,3,0,0,1,0
973,0,2,0,0,0,1,0
974,0,1,0,1,1,0,1
975,0,1,0,1,1,1,0
976,0,1,0,0,1,0,2
977,1,1,1,1,0,0,1
978,0,1,0,0,4,4,0
979,0,0,0,0,0,1,0
980,2,1,3,2,0,0,0
981,3,4,1,0,0,0,1
982,1,1,1,2,0,0,0
983,0,1,0,0,4,2,1
984,0,0,0,0,3,4,3
985,1,0,0,0,1,0,0
986,0,1,1,0,2,0,0
987,0,3,0,2,0,1,0
988,0,1,4,0,1,0,1
989,0,1,0,0,0,1,4
990,0,1,3,0,4,0,0
991,0,1,0,0,0,0,0
992,0,1,0,2,0,0,0
993,0,0,1,3,0,1,0
994,0,1,0,0,0,0,0
995,0,1,0,0,2,1,0
996,3,0,1,0,1,1,3
997,1,2,0,0,0,1,3
998,0,4,1,0,1,3,0
999,0,0,0,0,1,1,0
1000,0,0,4,0,1,4,0
1001,1,0,0,0,0,0,0
1002,1,4,3,0,1,1,0
1003,0,1,2,0,0,4,1
1004,0,1,0,0,1,0,0
1005,0,1,1,2,0,0,4
1006,0,1,0,3,0,0,0
1007,0,2,0,0,0,0,0
1008,2,1,2,0,0,3,0
1009,1,1,1,0,1,1,0
1010,0,1,0,2,0,0,0
1011,2,4,0,0,0,0,4
1012,0,1,2,1,0,0,0
1013,0,1,0,0,0,0,0
1014,1,4,1,0,0,0,0
1015,0,1,0,3,0,0,0
1016,0,1,1,0,0,0,0
1017,0,1,3,0,4,0,0
1018,0,0,0,0,0,1,0
1019,0,3,0,0,1,1,0
1020,2,1,0,0,0,0,0
1021,0,3,0,1,0,4,0
1022,0,0,2,0,1,1,0
1023,1,1,4,0,1,0,0
1024,0,3,2,0,3,0,0
1025,0,2,0,0,1,0,0
1026,0,0,2,0,3,2,0
1027,0,1,3,0,0,4,0
1028,0,1,0,0,0,4,0
1029,0,2,1,0,4,1,1
1030,0,1,4,0,0,0,0
1031,0,3,0,0,0,0,0
1032,0,3,0,0,2,0,0
1033,0,1,2,4,0,0,3
1034,0,1,0,0,0,1,0
1035,0,4,4,1,1,0,0
1036,1,2,0,0,0,4,0
1037,0,2,1,2,3,0,0
1038,4,1,0,0,1,0,0
1039,2,0,0,0,0,0,0
1040,0,1,4,0,1,4,1
1041,0,2,0,0,3,0,0
1042,0,1,2,0,0,3,0
1043,0,0,2,0,3,1,1
1044,3,2,2,1,1,0,0
1045,0,3,0,0,4,0,0
1046,0,1,2,0,0,0,0
1047,0,0,0,0,3,0,0
1048,0,1,0,0,3,0,0
1049,4,0,1,0,1,4,1
1050,0,1,0,0,1,0,0
1051,0,0,0,0,1,1,0
1052,1,0,0,3,1,0,0
1053,0,1,0,0,0,4,0
1054,1,1,1,2,1,1,0
1055,0,1,0,2,0,4,0
1056,0,1,0,3,0,1,0
1057,3,1,0,2,1,0,3
1058,0,0,1,0,3,4,0
1059,3,1,0,1,2,3,0
1060,2,1,0,4,0,0,0
1061,1,1,0,1,0,1,0
1062,0,0,0,4,0,0,0
1063,0,1,0,0,0,0,2
1064,0,1,0,0,4,0,1
1065,1,2,0,4,0,0,0
1066,0,0,0,0,0,2,0
1067,4,0,4,0,0,0,1
1068,0,2,3,0,0,2,1
1069,0,0,0,4,0,0,0
1070,0,3,0,0,4,3,1
1071,1,4,0,0,0,0,0
1072,2,4,0,0,1,0,0
1073,0,0,1,2,0,0,1
1074,4,0,4,0,1,1,0
1075,0,0,1,0,0,1,0
1076,2,1,0,3,0,4,2
1077,0,0,4,0,0,2,3
1078,2,1,0,4,0,0,2
1079,0,0,1,0,2,1,0
1080,0,1,1,1,0,0,0
1081,0,2,1,0,3,4,0
1082,0,0,1,0,0,1,0
1083,0,3,0,0,0,0,0
1084,3,1,0,0,0,1,0
1085,0,1,0,1,1,1,2
1086,0,1,3,0,3,0,0
1087,0,1,0,0,0,0,0
1088,1,0,0,0,4,1,2
1089,0,2,0,0,0,0,4
1090,0,0,1,0,0,1,0
1091,1,0,1,0,0,1,0
1092,1,1,4,0,0,4,0
1093,1,0,1,0,0,0,0
1094,0,1,1,0,0,0,0
1095,1,0,2,0,0,1,0
1096,0,1,0,0,2,0,3
1097,0,0,1,0,0,3,0
1098,0,0,1,0,0,4,1
1099,0,4,1,0,3,0,0
1100,1,4,2,0,0,1,0
1101,0,1,0,4,0,0,0
1102,0,1,2,0,1,0,0
1103,0,0,0,0,1,1,3
1104,0,4,2,0,0,4,1
1105,0,3,0,3,0,0,0
1106,3,0,1,0,0,0,2
1107,0,1,2,0,0,1,0
1108,1,1,0,1,0,3,0
1109,0,0,1,0,4,2,3
1110,4,1,4,0,0,0,0
1111,4,2,1,3,0,0,0
1112,1,1,1,0,0,1,0
1113,0,1,1,1,0,0,1
1114,0,3,0,0,0,0,1
1115,0,0,0,0,3,1,0
1116,1,1,2,0,2,0,0
1117,0,0,1,0,2,1,0
1118,1,1,1,0,0,4,0
1119,1,2,0,0,1,4,1
1120,0,3,0,0,0,1,0
1121,0,1,0,4,0,0,0
1122,0,1,0,0,0,0,0
1123,0,1,0,1,0,0,2
1124,0,1,0,0,1,0,0
1125,0,1,0,0,0,1,2
1126,0,1,4,4,0,0,0
1127,0,1,0,0,0,0,0
1128,0,1,0,3,0,0,1
1129,1,0,2,0,0,4,0
1130,0,0,0,4,0,1,0
1131,0,1,0,2,0,0,0
1132,0,1,0,4,0,1,4
1133,0,1,0,0,0,1,0
1134,3,0,1,4,4,0,0
1135,2,3,1,0,0,0,1
1136,0,1,4,0,1,3,0
1137,0,1,0,1,0,0,0
1138,0,0,2,0,0,2,1
1139,0,1,2,2,0,1,0
1140,1,2,0,0,0,0,0
1141,0,1,1,0,0,0,0
1142,0,0,2,0,0,1,0
1143,0,1,0,0,0,2,4
1144,0,2,2,0,0,3,0
1145,0,1,0,0,2,3,3
1146,0,2,0,0,0,0,4
1147,0,1,2,0,3,1,2
1148,1,4,3,4,2,0,1
1149,0,0,0,0,0,0,0
1150,4,0,2,0,0,1,0
1151,0,2,1,0,0,3,4
1152,0,0,0,2,0,0,3
1153,1,1,0,0,1,0,0
1154,0,0,0,0,0,0,0
1155,2,3,2,0,1,3,0
1156,0,1,0,0,2,0,0
1157,0,1,0,3,0,0,0
1158,1,3,3,0,0,0,0
1159,1,0,0,4,0,2,0
1160,1,2,0,0,3,0,0
1161,0,0,2,0,0,0,0
1162,0,3,0,4,0,0,0
1163,0,1,0,0,0,0,0
1164,0,1,1,0,1,4,1
1165,0,1,4,0,0,0,0
1166,0,0,4,3,3,0,0
1167,0,4,0,3,4,3,4
1168,0,1,0,0,0,0,0
1169,0,0,3,0,1,1,0
1170,4,1,0,0,0,0,0
1171,0,1,1,0,0,1,0
1172,0,1,0,0,0,0,0
1173,0,0,1,0,1,1,0
1174,0,4,2,0,1,3,1
1175,4,1,0,0,0,0,0
1176,0,2,4,0,0,2,0
1177,0,1,0,0,0,0,0
1178,0,1,1,0,0,1,1
1179,0,1,0,0,0,1,4
1180,0,3,1,1,0,3,0
1181,0,1,0,2,0,1,2
1182,0,2,1,2,2,1,0
1183,0,4,0,0,0,0,0
1184,0,1,0,0,0,1,0
1185,0,1,1,0,2,0,0
1186,0,0,1,0,1,1,0
1187,2,1,0,0,2,4,0
1188,0,4,0,0,1,0,1
1189,0,4,0,0,0,2,0
1190,1,0,1,0,0,0,0
1191,0,2,1,1,1,2,4
1192,0,1,0,0,2,0,1
1193,0,1,0,0,1,1,0
1194,0,0,0,0,0,0,0
1195,0,1,0,0,0,0,0
1196,2,4,1,0,1,1,0
1197,0,1,0,0,0,0,0
1198,3,1,0,0,0,3,1
1199,0,1,0,0,0,1,0
1200,0,2,0,1,0,3,0
1201,0,2,4,3,1,2,1
1202,2,1,0,0,0,1,0
1203,0,0,1,0,0,0,0
1204,0,1,0,0,0,0,0
1205,3,0,0,0,0,1,1
1206,0,1,0,0,0,0,0
1207,0,1,0,0,0,0,2
1208,0,1,0,0,4,1,4
1209,0,1,1,1,0,1,0
1210,0,1,0,0,0,0,0
1211,0,0,1,2,0,4,4
1212,0,0,0,0,0,1,1
1213,0,3,0,0,1,0,1
1214,0,1,1,3,0,0,4
1215,0,1,0,0,2,0,1
1216,4,0,0,0,0,2,0
1217,3,1,0,0,0,1,0
1218,1,0,1,0,0,1,2
1219,1,3,1,0,0,0,1
1220,3,1,0,0,0,0,0
1221,0,1,0,0,4,0,1
1222,1,4,0,1,1,0,0
1223,0,0,1,0,0,4,0
1224,0,1,3,2,0,1,0
1225,4,0,0,4,0,0,0
1226,4,1,0,0,0,4,0
1227,2,2,0,0,0,1,0
1228,0,1,0,2,1,3,1
1229,0,1,0,0,2,4,0
1230,2,0,2,0,1,1,0
1231,0,1,3,0,3,0,0
1232,0,2,0,0,0,1,0
1233,0,1,0,0,3,2,0
1234,2,2,0,0,0,0,3
1235,0,0,2,0,3,1,0
1236,0,1,0,0,0,4,2
1237,0,0,0,3,0,2,0
1238,0,1,4,0,0,0,3
1239,0,1,1,2,0,0,0
1240,3,1,0,0,0,0,0
1241,0,4,1,0,2,1,3
1242,0,0,1,3,1,0,0
1243,0,1,0,0,1,0,1
1244,0,1,3,0,0,0,0
1245,1,2,0,0,1,0,1
1246,0,3,0,0,0,1,2
1247,0,1,3,0,0,0,0
1248,0,1,0,0,0,0,0
1249,0,1,0,1,0,0,1
1250,0,1,0,2,0,1,0
1251,2,1,3,0,0,0,0
1252,0,0,1,0,1,1,4
1253,0,1,0,2,2,4,0
1254,4,0,1,0,1,1,2
1255,0,0,3,0,0,0,0
1256,0,1,0,0,4,2,1
1257,0,2,2,1,0,0,0
1258,0,4,0,1,0,1,0
1259,0,0,0,0,0,4,0
1260,0,4,1,0,0,1,0
1261,0,1,1,0,0,0,3
1262,1,2,4,0,3,3,0
1263,4,2,0,4,0,1,0
1264,0,1,0,0,0,1,0
1265,2,2,0,0,0,0,3
1266,0,0,1,0,3,0,2
1267,0,1,0,0,0,1,0
1268,0,0,0,0,1,1,4
1269,0,2,3,1,3,0,0
1270,0,0,0,0,0,3,0
1271,1,1,0,0,0,0,0
1272,0,3,0,0,0,0,2
1273,0,0,2,0,1,1,0
1274,3,1,0,0,0,0,0
1275,0,2,1,4,1,0,2
1276,0,1,0,0,0,0,1
1277,0,2,0,0,0,0,0
1278,0,0,0,2,0,0,2
1279,2,1,0,4,0,0,0
1280,0,0,0,0,0,1,0
1281,0,4,1,3,0,0,0
1282,0,1,4,0,0,0,0
1283,0,0,0,0,0,4,0
1284,0,3,1,0,0,0,0
1285,0,0,2,0,0,3,0
1286,0,1,0,0,1,0,0
1287,0,2,0,0,0,1,4
1288,0,2,0,0,0,0,1
1289,0,1,4,2,1,0,0
1290,1,4,0,0,0,0,4
1291,0,1,4,0,0,3,0
1292,0,1,4,0,1,1,1
1293,1,0,1,0,1,1,0
1294,2,0,0,0,0,0,3
1295,0,2,0,1,0,0,0
1296,0,1,1,4,1,0,1
1297,0,1,0,0,0,0,0
1298,0,3,0,0,3,1,0
1299,3,1,0,0,0,1,0
1300,0,2,1,0,1,0,1
1301,0,0,0,0,0,1,0
1302,0,4,0,0,0,0,0
1303,0,1,0,0,1,0,2
1304,0,1,0,1,4,0,0
1305,0,2,0,0,0,2,0
1306,0,1,0,0,0,0,0
1307,0,3,0,0,0,3,0
1308,2,0,3,0,2,0,0
1309,0,1,0,2,0,1,1
1310,0,0,3,0,0,0,4
1311,0,1,1,0,4,0,1
1312,3,0,0,0,0,3,0
1313,0,1,1,0,0,0,0
1314,0,0,2,3,0,0,0
1315,0,1,0,0,0,1,0
1316,1,1,0,0,3,0,1
1317,0,0,0,0,0,0,0
1318,0,0,1,0,2,1,0
1319,0,0,1,0,0,1,0
1320,0,3,2,0,1,0,1
1321,1,1,1,1,0,0,0
1322,0,1,0,0,0,0,0
1323,0,1,0,0,2,4,0
1324,0,1,1,0,0,1,0
1325,0,1,0,0,0,1,1
1326,0,0,1,0,0,1,0
1327,3,2,0,0,4,0,0
1328,0,2,1,1,1,1,1
1329,0,0,1,0,2,4,0
1330,0,2,3,0,1,1,0
1331,0,1,0,0,0,0,0
1332,0,1,0,0,4,0,3
1333,0,1,0,4,0,0,0
1334,0,2,1,0,1,0,3
1335,4,2,0,1,0,0,0
1336,0,0,0,0,1,1,0
1337,0,4,1,0,4,0,0
1338,0,4,0,1,0,0,1
1339,2,0,1,0,0,3,0
1340,0,0,1,0,0,1,0
1341,0,0,3,0,2,1,0
1342,0,1,0,0,0,1,0
1343,0,0,1,2,0,1,0
1344,0,0,3,0,0,0,0
1345,1,4,2,1,1,1,1
1346,0,0,1,0,0,1,3
1347,0,1,0,0,1,0,1
1348,2,1,0,0,0,2,0
1349,0,1,0,0,3,0,0
1350,0,0,1,0,0,1,4
1351,0,1,0,0,0,0,0
1352,0,3,0,3,0,2,0
1353,0,1,0,0,1,0,1
1354,0,0,1,0,0,1,4
1355,2,0,0,0,1,1,3
1356,0,1,4,0,0,0,0
1357,4,1,2,0,2,0,0
1358,0,1,0,0,0,4,3
1359,0,1,0,0,3,0,0
1360,0,4,0,0,0,0,0
1361,3,0,4,0,2,0,0
1362,0,0,1,0,0,1,0
1363,1,0,1,0,0,0,1
1364,0,0,0,4,0,1,0
1365,1,1,0,0,0,1,0
1366,0,0,1,0,3,0,0
1367,0,1,0,0,0,0,3
1368,0,1,1,1,0,3,0
1369,3,1,3,0,3,1,0
1370,3,1,0,4,3,0,0
1371,0,0,1,1,4,4,0
1372,0,3,0,0,4,1,0
1373,0,0,2,0,0,0,0
1374,1,1,0,1,0,0,0
1375,0,1,0,0,0,1,4
1376,0,0,1,0,0,2,0
1377,0,1,2,0,0,0,0
1378,0,2,0,0,0,1,0
1379,0,2,0,0,0,2,0
1380,0,1,4,0,0,0,0
1381,0,0,0,0,0,1,0
1382,1,1,0,0,1,0,2
1383,1,0,1,0,1,3,2
1384,2,1,0,0,0,2,0
1385,2,3,0,0,2,1,0
1386,0,0,2,2,3,0,2
1387,0,1,0,0,0,1,0
1388,0,0,0,0,1,0,3
1389,0,0,1,3,1,1,0
1390,0,1,0,0,4,1,0
1391,0,0,0,0,0,1,0
1392,0,0,4,2,1,1,2
1393,0,3,1,0,0,3,0
1394,0,0,2,0,0,3,0
1395,0,4,1,0,0,1,0
1396,0,4,3,0,1,0,0
1397,0,1,0,0,0,0,0
1398,2,1,0,0,0,0,1
1399,3,1,0,0,0,0,0
1400,0,1,0,4,0,4,0
1401,1,3,0,0,4,1,4
1402,0,0,0,4,4,0,0
1403,4,1,0,0,0,1,0
1404,0,0,4,0,1,0,0
1405,1,0,1,3,3,1,0
1406,0,0,1,0,0,1,0
1407,0,2,0,2,1,0,0
1408,0,1,0,2,1,0,2
1409,0,1,1,2,0,0,4
1410,0,1,0,0,1,0,0
1411,0,1,0,0,0,0,0
1412,1,3,3,0,4,0,0
1413,0,0,2,4,0,0,0
1414,0,2,2,0,0,1,0
1415,1,0,2,3,1,0,0
1416,0,1,0,0,0,1,0
1417,0,0,0,1,0,2,0
1418,0,0,1,0,1,1,0
1419,4,0,0,0,0,2,0
1420,0,1,2,0,1,0,0
1421,0,1,0,0,0,1,0
1422,0,2,0,0,0,0,0
1423,0,2,3,4,0,0,0
1424,0,1,0,0,1,2,2
1425,0,0,1,0,0,0,0
1426,2,2,0,0,0,0,0
1427,0,0,3,0,1,1,0
1428,0,0,0,0,0,0,0
1429,0,1,0,2,0,0,0
1430,0,0,2,1,1,1,0
1431,4,0,0,3,3,0,4
1432,0,3,0,0,2,1,0
1433,0,1,0,4,0,4,3
1434,0,1,1,0,2,0,0
1435,0,1,0,0,0,4,0
1436,0,1,1,0,0,2,0
1437,0,0,1,3,1,1,0
1438,0,3,2,0,0,4,0
1439,2,2,0,0,3,0,0
1440,0,1,0,2,0,3,0
1441,0,1,0,1,0,2,0
1442,0,1,0,0,1,0,0
1443,0,3,0,0,0,0,1
1444,0,0,0,0,0,0,0
1445,0,0,2,0,0,0,0
1446,0,1,2,0,0,1,0
1447,0,1,1,0,1,0,0
1448,1,1,0,0,0,0,0
1449,0,1,0,1,0,0,0
1450,0,2,0,1,0,0,0
1451,0,0,0,0,2,3,0
1452,0,2,0,2,0,0,0
1453,0,1,2,0,0,0,0
1454,0,1,0,1,0,0,0
1455,0,0,2,1,0,4,0
1456,0,1,1,0,0,0,3
1457,4,1,0,0,0,2,0
1458,0,2,0,0,0,1,0
1459,0,4,2,0,0,1,0
1460,0,0,0,0,4,1,0
1461,1,1,0,0,0,0,0
1462,0,0,1,2,4,1,0
1463,0,1,0,0,0,0,0
1464,0,0,4,0,0,1,3
1465,0,1,1,0,0,4,0
1466,3,1,0,0,0,0,4
1467,0,1,0,2,4,3,0
1468,2,1,1,0,0,0,0
1469,2,1,0,1,3,0,0
1470,0,2,0,0,1,0,1
1471,0,1,0,0,0,0,0
1472,4,0,0,0,4,0,0
1473,0,0,2,0,0,0,0
1474,0,1,0,0,0,0,0
1475,0,2,0,0,0,0,0
1476,3,1,0,0,2,1,0
1477,1,1,0,0,0,1,0
1478,4,0,3,3,0,1,0
1479,4,1,0,0,0,0,0
1480,0,1,0,2,0,0,0
1481,0,1,3,0,3,2,3
1482,0,1,0,0,0,0,0
1483,0,1,1,0,1,1,0
1484,0,1,0,0,1,3,1
1485,0,2,0,0,0,1,0
1486,4,0,1,0,1,1,0
1487,0,1,2,0,0,0,0
1488,0,1,0,0,1,1,1
1489,0,0,2,0,0,1,0
1490,0,0,1,0,0,0,0
1491,0,1,0,1,0,0,0
1492,0,1,0,0,0,0,1
1493,0,2,0,0,0,0,0
1494,0,2,0,1,2,1,2
1495,0,0,0,0,0,0,0
1496,2,0,0,0,0,1,0
1497,0,1,0,0,2,2,0
1498,0,1,0,0,3,1,4
1499,2,4,1,2,0,1,0
1500,0,1,0,0,1,0,1
1501,0,2,4,0,0,3,0
1502,0,0,0,0,4,1,0
1503,0,0,1,0,4,1,4
1504,0,3,0,0,0,0,1
1505,0,1,0,0,0,4,0
1506,0,2,0,1,3,0,0
1507,1,0,2,0,1,0,0
1508,3,2,0,0,0,0,0
1509,1,2,4,1,0,0,0
1510,0,1,0,0,0,0,0
1511,1,1,0,0,2,1,0
1512,0,1,1,0,0,1,4
1513,0,1,1,0,0,1,0
1514,0,2,0,0,0,2,0
1515,0,0,0,0,1,0,3
1516,3,0,1,0,0,2,0
1517,3,1,4,1,0,0,3
1518,0,1,0,0,0,2,4
1519,0,0,1,0,1,0,0
1520,0,2,1,0,0,1,0
1521,3,1,2,0,0,4,0
1522,0,1,1,0,0,0,0
1523,0,4,3,0,0,0,0
1524,0,3,1,1,0,0,0
1525,0,4,2,0,1,0,0
1526,0,3,0,0,2,0,0
1527,0,2,0,0,1,0,1
1528,0,0,0,2,0,1,0
1529,0,0,0,0,4,4,0
1530,0,1,0,0,0,4,3
1531,0,2,0,0,1,1,1
1532,0,1,0,0,1,1,1
1533,0,0,0,4,4,1,0
1534,0,0,3,0,0,0,0
1535,0,1,3,2,0,4,0
1536,1,1,4,0,0,0,0
1537,0,2,0,0,4,0,0
1538,0,1,1,0,0,0,0
1539,0,1,0,0,0,4,0
1540,0,1,0,4,1,0,4
1541,0,1,0,0,0,0,0
1542,0,1,1,0,0,4,0
1543,3,0,1,0,0,0,0
1544,3,1,1,1,0,0,0
1545,3,1,0,0,0,0,0
1546,0,1,0,2,4,0,0
1547,0,1,3,0,0,0,1
1548,0,0,2,0,0,0,0
1549,0,0,0,2,2,1,1
1550,4,1,0,3,4,0,2
1551,0,1,0,0,0,0,2
1552,0,1,0,0,0,0,2
1553,0,3,0,0,0,0,1
1554,0,0,3,0,1,2,0
1555,0,1,0,1,0,0,0
1556,2,0,1,2,0,1,0
1557,3,2,1,0,3,0,0
1558,0,1,0,0,0,3,0
1559,2,4,0,1,1,1,0
1560,4,1,1,1,0,1,0
1561,0,0,1,0,3,1,0
1562,0,2,0,1,0,0,0
1563,0,2,0,0,0,4,0
1564,0,1,3,0,1,0,0
1565,2,2,0,0,0,1,0
1566,4,0,0,0,1,2,0
1567,0,1,2,0,2,1,0
1568,0,1,0,0,3,0,0
1569,0,1,0,0,0,1,1
1570,2,1,0,0,3,0,0
1571,0,1,0,0,0,0,4
1572,0,4,0,0,0,1,0
1573,1,3,0,0,0,0,0
1574,0,1,0,0,4,1,0
1575,0,1,0,0,0,3,1
1576,0,0,1,0,0,1,0
1577,2,1,3,3,0,0,0
1578,0,1,4,2,0,2,0
1579,4,4,1,4,0,1,0
1580,0,4,1,1,1,1,0
1581,2,4,4,0,1,0,0
1582,0,2,0,0,0,0,0
1583,0,2,0,1,0,4,0
1584,0,1,0,0,1,0,0
1585,0,0,1,0,2,1,0
1586,0,1,0,0,0,0,0
1587,0,2,0,0,3,0,0
1588,0,3,0,0,0,4,0
1589,0,0,1,0,1,2,0
1590,0,1,0,0,0,0,0
1591,0,0,0,0,0,0,0
1592,0,1,0,3,0,2,0
1593,0,0,3,0,1,0,0
1594,0,3,1,0,4,1,2
1595,0,4,1,4,4,3,0
1596,0,0,0,0,4,3,0
1597,4,1,0,0,2,0,0
1598,0,1,3,0,3,0,2
1599,0,0,0,0,0,1,0
1600,0,3,0,0,0,0,0
1601,0,1,0,1,0,2,0
1602,0,0,0,4,2,2,0
1603,0,1,0,3,0,0,2
1604,0,1,2,0,0,0,0
1605,0,0,2,0,1,4,0
1606,0,1,0,3,0,0,0
1607,0,1,1,0,1,1,0
1608,0,4,1,0,0,2,0
1609,3,1,0,4,0,0,4
1610,0,1,0,0,2,0,0
1611,0,1,0,3,1,0,1
1612,0,4,2,3,0,0,0
1613,0,0,1,3,1,2,0
1614,3,1,1,2,0,0,0
1615,0,1,0,0,1,0,0
1616,0,2,0,3,0,0,0
1617,0,1,0,0,0,0,0
1618,0,2,0,1,0,0,0
1619,3,1,0,4,4,2,2
1620,1,1,1,0,0,2,3
1621,2,2,0,3,0,0,4
1622,1,3,1,0,0,0,4
1623,0,1,0,0,0,3,0
1624,0,3,0,1,4,0,0
1625,4,1,0,2,0,0,0
1626,0,1,4,0,0,0,0
1627,2,1,3,0,2,3,0
1628,1,2,1,0,0,0,0
1629,0,0,0,0,0,2,0
1630,3,3,0,0,0,0,0
1631,0,1,0,3,1,0,0
1632,0,0,0,0,0,1,0
1633,0,1,0,0,1,0,1
1634,0,1,0,0,0,0,0
1635,0,2,0,0,1,0,1
1636,0,1,0,0,4,0,0
1637,0,1,0,2,0,4,0
1638,0,4,0,0,0,1,0
1639,0,3,0,0,0,0,0
1640,0,1,0,0,0,0,0
1641,3,1,0,0,0,2,0
1642,0,1,1,0,0,1,0
1643,0,4,2,0,2,0,0
1644,1,0,1,0,1,0,3
1645,0,0,1,0,0,0,1
1646,0,2,0,0,4,3,0
1647,0,0,0,0,0,4,0
1648,3,1,0,0,0,0,0
1649,0,1,4,0,0,3,0
1650,0,1,4,0,0,0,0
1651,0,2,1,2,3,4,1
1652,0,0,0,0,1,0,0
1653,0,0,1,0,0,1,0
1654,0,1,0,0,0,3,0
1655,2,4,0,0,0,0,0
1656,1,1,0,1,0,0,4
1657,2,1,0,0,0,2,2
1658,0,0,1,0,0,1,0
1659,0,1,0,0,3,0,3
1660,0,1,0,2,0,2,4
1661,3,1,0,0,4,0,0
1662,0,0,0,0,0,2,2
1663,0,0,4,2,0,0,0
1664,0,2,0,0,0,1,0
1665,0,0,0,0,4,1,0
1666,0,1,1,0,0,0,2
1667,0,1,2,0,0,0,0
1668,0,2,0,0,1,1,4
1669,0,1,2,0,0,0,4
1670,0,1,0,3,1,0,1
1671,0,0,0,0,0,0,0
1672,0,0,0,0,0,1,0
1673,0,2,0,0,0,2,2
1674,0,2,0,0,0,3,0
1675,0,2,1,0,1,1,2
1676,0,0,1,0,4,4,3
1677,0,4,0,0,0,0,0
1678,0,1,0,0,0,0,0
1679,0,1,4,0,0,1,1
1680,0,1,0,0,0,0,0
1681,0,4,0,0,0,0,0
1682,0,4,1,0,3,0,2
1683,0,0,2,3,0,1,0
1684,0,1,0,1,0,4,0
1685,1,1,0,0,1,0,1
1686,0,2,0,0,0,3,0
1687,0,3,0,0,1,0,0
1688,0,1,0,0,0,1,0
1689,0,0,2,1,2,1,1
1690,0,0,0,0,0,0,0
1691,2,0,1,0,0,4,0
1692,0,4,0,0,1,0,1
1693,0,1,0,2,0,0,0
1694,0,0,3,1,0,1,0
1695,2,2,0,0,2,0,0
1696,0,1,1,1,0,3,0
1697,0,1,0,1,0,1,0
1698,0,0,0,2,0,1,0
1699,0,1,0,0,1,0,1
1700,0,2,0,0,0,2,0
1701,0,0,1,0,3,0,0
1702,0,3,2,1,0,1,0
1703,0,1,2,2,0,2,3
1704,0,1,0,0,0,4,3
1705,0,0,0,0,0,1,0
1706,4,0,1,0,1,3,2
1707,0,1,1,0,0,4,0
1708,0,1,0,1,0,3,0
1709,2,0,0,0,1,1,0
1710,0,2,0,4,0,1,0
1711,3,0,0,0,0,1,0
1712,0,1,0,0,1,1,0
1713,0,1,0,0,0,0,2
1714,0,1,1,0,2,0,0
1715,4,0,4,0,1,1,2
1716,0,1,3,4,0,0,0
1717,0,0,0,0,0,1,0
1718,2,1,0,0,0,0,0
1719,0,1,0,0,0,0,0
1720,0,1,0,0,0,0,1
1721,1,0,2,0,4,0,0
1722,3,1,1,0,1,0,0
1723,1,2,0,0,0,0,2
1724,3,0,1,0,4,1,2
1725,0,1,0,0,2,3,2
1726,0,1,0,0,4,0,0
1727,0,3,0,0,0,0,0
1728,0,1,1,0,0,0,2
1729,1,1,1,3,0,0,0
1730,0,2,1,3,2,0,2
1731,0,1,2,0,0,4,2
1732,0,0,0,4,2,1,0
1733,0,1,0,0,1,0,1
1734,0,1,1,0,0,0,0
1735,0,1,0,0,0,0,1
1736,0,2,4,0,0,0,0
1737,3,0,0,0,1,1,3
1738,3,1,2,4,0,0,0
1739,0,1,0,0,0,0,0
1740,2,0,0,0,2,0,4
1741,0,1,0,0,3,0,0
1742,0,1,0,0,1,0,0
1743,2,3,2,0,2,1,0
1744,0,0,2,0,0,4,0
1745,0,1,3,0,2,0,0
1746,0,2,0,0,0,0,0
1747,2,1,1,0,0,0,2
1748,0,1,0,4,0,1,0
1749,0,1,0,4,0,0,0
1750,0,1,0,3,0,1,0
1751,0,0,1,3,3,3,0
1752,0,0,4,0,1,1,0
1753,0,1,0,2,3,0,4
1754,0,0,0,0,1,0,0
1755,0,1,0,0,0,0,4
1756,0,4,4,0,0,0,0
1757,0,4,3,1,3,1,4
1758,0,0,0,0,3,0,0
1759,0,0,0,0,0,0,0
1760,0,3,2,4,0,3,0
1761,0,0,0,3,0,1,0
1762,3,0,0,0,0,2,0
1763,2,1,0,0,0,2,0
1764,0,1,0,0,0,3,0
1765,0,2,0,2,0,1,0
1766,0,2,1,0,0,0,0
1767,0,0,1,0,3,1,0
1768,0,0,2,0,0,0,0
1769,0,0,4,0,0,1,0
1770,0,1,0,0,0,0,3
1771,0,1,0,0,2,1,0
1772,2,0,1,0,1,1,0
1773,0,2,0,0,0,0,0
1774,3,1,0,0,0,4,0
1775,0,3,2,0,2,0,0
1776,0,1,2,3,3,0,0
1777,0,4,0,1,0,2,0
1778,1,0,1,0,4,0,1
1779,0,1,4,4,0,0,0
1780,0,1,0,0,0,1,2
1781,0,4,2,0,0,0,0
1782,4,0,1,3,0,0,0
1783,0,2,0,0,1,2,3
1784,2,1,0,0,0,3,1
1785,0,3,1,0,0,1,0
1786,3,1,0,0,1,4,1
1787,0,2,1,0,1,0,1
1788,0,0,2,0,0,0,0
1789,0,2,1,0,1,1,0
1790,0,0,2,0,0,0,2
1791,0,0,0,0,0,2,0
1792,0,0,1,0,1,4,2
1793,3,1,0,0,0,4,0
1794,2,0,1,0,1,1,0
1795,0,1,1,0,0,0,1
1796,2,0,0,2,0,0,0
1797,0,1,0,3,1,0,1
1798,0,0,2,0,0,0,0
1799,4,2,0,0,0,1,0
1800,0,0,0,0,0,0,0
1801,0,1,3,0,0,1,0
1802,0,1,0,0,0,0,4
1803,0,1,0,0,1,2,0
1804,0,1,1,4,4,0,0
1805,0,3,0,0,0,3,0
1806,4,2,1,2,4,0,0
1807,1,3,0,0,0,0,4
1808,0,1,1,0,0,0,0
1809,0,2,0,0,0,0,0
1810,1,4,0,0,0,0,0
1811,0,1,0,0,3,0,3
1812,0,1,0,0,0,0,0
1813,0,0,0,2,4,1,0
1814,0,1,0,1,0,1,0
1815,0,1,0,0,0,0,0
1816,0,1,0,4,0,0,0
1817,0,1,1,0,4,1,0
1818,0,1,0,0,0,0,4
1819,3,3,0,0,1,1,2
1820,0,1,2,2,0,4,3
1821,0,1,4,0,2,0,0
1822,4,1,0,3,2,0,0
1823,0,2,1,0,0,1,3
1824,0,1,1,0,0,0,0
1825,0,1,0,2,0,0,0
1826,0,1,1,0,0,0,3
1827,0,0,0,0,0,0,0
1828,4,2,0,0,1,4,0
1829,0,3,0,0,0,0,0
1830,0,2,0,0,1,4,3
1831,0,1,0,2,0,3,1
1832,0,2,0,0,1,1,1
1833,3,1,0,0,0,0,0
1834,0,0,2,3,0,0,2
1835,0,0,4,0,1,0,1
1836,2,1,0,0,0,2,2
1837,0,1,0,4,0,2,1
1838,4,1,2,0,0,1,0
1839,0,0,1,0,0,3,2
1840,0,0,0,1,0,4,0
1841,0,2,0,1,4,3,0
1842,0,0,1,0,0,0,0
1843,0,1,2,0,0,0,1
1844,0,1,0,2,1,4,1
1845,0,2,3,4,0,1,3
1846,0,0,1,0,0,0,0
1847,0,1,3,0,0,0,0
1848,0,1,0,0,4,0,4
1849,0,4,1,4,0,0,4
1850,0,1,0,1,0,3,0
1851,0,1,0,0,3,0,3
1852,0,1,0,0,0,1,4
1853,0,1,0,1,0,1,0
1854,0,3,2,3,2,4,0
1855,1,1,0,0,0,1,0
1856,0,2,1,0,0,1,4
1857,0,2,2,0,0,0,0
1858,1,1,3,0,0,4,0
1859,0,1,0,0,1,0,0
1860,0,0,3,0,0,2,0
1861,3,0,2,0,0,3,0
1862,0,4,0,4,0,1,1
1863,0,1,0,0,0,1,0
1864,0,1,0,0,0,4,0
1865,0,1,0,0,0,0,0
1866,0,0,0,0,0,0,0
1867,1,0,0,4,0,1,0
1868,0,3,2,0,0,1,1
1869,3,1,3,0,0,0,4
1870,0,1,0,0,0,0,0
1871,0,1,0,0,1,0,1
1872,0,0,1,0,4,2,0
1873,0,0,4,0,1,1,0
1874,0,1,3,0,1,4,0
1875,0,0,1,1,4,1,4
1876,0,2,4,1,0,0,0
1877,2,0,0,0,0,3,3
1878,0,0,0,0,4,3,0
1879,0,2,0,0,0,0,1
1880,0,1,3,0,0,2,0
1881,0,1,3,4,1,0,0
1882,0,1,0,0,0,2,0
1883,3,1,0,0,0,0,0
1884,4,1,0,0,0,0,0
1885,3,1,0,0,0,0,0
1886,0,0,2,0,0,1,0
1887,0,1,1,0,2,0,0
1888,0,1,1,2,0,1,0
1889,0,1,0,0,1,0,0
1890,0,2,0,0,1,1,1
1891,0,1,0,2,0,0,0
1892,0,1,2,0,1,0,0
1893,3,2,0,0,1,1,1
1894,0,1,1,0,1,0,1
1895,0,3,2,0,0,1,0
1896,0,0,3,0,0,0,0
1897,0,0,1,0,0,1,0
1898,0,0,4,0,0,1,0
1899,0,0,2,0,0,0,0
1900,0,1,4,4,3,0,3
1901,3,2,0,4,0,0,0
1902,0,1,0,0,0,0,0
1903,0,0,1,4,0,1,3
1904,0,3,1,3,0,0,4
1905,0,1,0,4,0,2,1
1906,0,1,0,0,0,1,0
1907,1,2,4,0,0,0,0
1908,2,2,0,0,0,0,0
1909,0,1,0,0,0,1,0
1910,2,1,0,0,0,3,3
1911,0,1,0,0,0,0,0
1912,0,0,2,2,1,3,0
1913,0,2,0,1,0,0,1
1914,0,2,0,0,1,1,1
1915,0,1,1,0,3,0,0
1916,0,4,4,0,3,4,0
1917,0,0,1,0,0,2,0
1918,1,2,0,2,1,0,0
1919,0,4,0,0,0,0,0
1920,0,0,0,0,0,3,0
1921,0,0,2,3,0,1,1
1922,0,1,1,0,0,0,0
1923,1,4,0,0,4,0,3
1924,0,0,1,0,1,2,0
1925,0,3,0,3,0,0,0
1926,0,0,1,0,0,0,0
1927,0,2,0,0,0,0,3
1928,4,4,0,0,2,0,0
1929,2,0,1,0,0,4,0
1930,4,3,2,0,4,4,0
1931,0,1,0,0,0,0,0
1932,0,2,2,0,2,0,0
1933,0,0,3,0,1,1,2
1934,0,4,1,0,0,0,0
1935,0,1,0,0,0,0,0
1936,0,0,2,0,0,0,0
1937,0,1,2,1,0,0,0
1938,0,1,0,0,0,4,0
1939,1,1,0,0,0,0,0
1940,0,1,0,0,0,1,0
1941,0,2,0,1,1,0,1
1942,0,2,0,1,1,1,1
1943,0,1,0,0,0,0,0
1944,2,1,0,2,0,1,0
1945,3,1,0,2,0,0,0
1946,0,2,4,0,0,1,0
1947,0,0,3,3,0,2,0
1948,0,0,4,2,0,0,0
1949,0,0,1,4,0,1,3
1950,0,0,3,0,0,0,0
1951,1,0,1,2,0,1,0
1952,0,2,0,0,2,0,0
1953,1,1,0,0,1,1,1
1954,0,4,0,0,3,0,3
1955,1,1,1,0,0,1,0
1956,0,1,0,0,0,3,0
1957,0,1,0,0,0,2,0
1958,1,1,0,0,3,0,0
1959,0,0,1,0,0,2,0
1960,0,1,3,0,0,1,0
1961,4,3,2,3,2,2,2
1962,0,1,0,0,1,2,1
1963,0,3,1,0,2,0,4
1964,0,1,0,0,0,1,4
1965,2,1,2,0,2,0,0
1966,0,1,0,0,0,0,0
1967,1,1,2,1,0,0,0
1968,0,4,3,0,0,0,0
1969,1,2,0,1,0,0,2
1970,0,1,1,0,4,0,1
1971,0,1,0,1,0,0,4
1972,0,1,1,0,0,0,2
1973,0,1,1,0,4,1,1
1974,0,2,0,0,1,0,0
1975,2,1,0,3,4,1,1
1976,1,4,1,3,0,0,0
1977,0,0,1,2,1,2,0
1978,0,4,0,0,1,0,1
1979,0,0,0,0,0,1,0
1980,0,0,1,1,1,4,1
1981,1,0,1,0,0,2,2
1982,0,1,2,0,0,0,4
1983,1,1,1,0,0,0,0
1984,0,0,0,0,0,0,3
1985,0,2,0,1,2,0,0
1986,0,0,0,0,0,1,4
1987,2,0,2,0,1,2,4
1988,0,0,1,0,0,2,0
1989,0,1,0,0,1,0,1
1990,0,1,0,3,0,0,4
1991,1,1,3,4,1,0,0
1992,3,0,1,0,3,1,0
1993,0,1,0,1,0,0,0
1994,0,1,0,0,0,0,3
1995,0,1,0,0,1,0,2
1996,0,1,0,0,0,4,2
1997,0,3,0,1,0,4,2
1998,0,0,0,0,3,4,0
1999,4,1,0,0,0,2,4
2000,0,0,0,0,3,0,2
2001,0,0,0,0,0,1,0
2002,0,0,1,0,0,1,0
2003,4,0,1,0,0,0,3
2004,2,2,0,0,4,0,0
2005,0,1,0,0,0,0,1
2006,0,2,0,4,1,0,0
2007,0,2,0,2,0,0,0
2008,0,0,1,0,0,4,0
2009,0,0,1,0,3,2,0
2010,0,3,0,1,1,2,0
2011,3,1,0,0,0,0,0
2012,1,0,1,4,3,1,0
2013,0,1,0,0,0,1,0
2014,4,2,0,0,4,4,2
2015,0,0,0,0,0,0,0
2016,1,1,0,1,0,0,0
2017,0,4,0,2,3,0,1
2018,1,1,2,0,0,1,1
2019,3,1,4,1,1,0,0
2020,3,3,0,0,0,0,4
2021,0,0,4,0,0,0,0
2022,0,1,4,0,0,0,0
2023,0,1,3,0,0,3,0
2024,0,2,0,0,2,0,0
2025,0,1,4,0,0,0,0
2026,1,3,0,4,0,0,0
2027,0,1,0,0,1,0,1
2028,0,0,0,0,1,1,0
2029,0,3,1,0,0,0,0
2030,0,1,0,1,4,0,1
2031,0,3,0,1,0,2,0
2032,3,2,0,0,0,0,0
2033,0,4,0,0,4,0,0
2034,0,1,0,0,0,4,0
2035,0,1,1,0,3,0,0
2036,0,1,4,1,0,0,4
2037,0,1,0,0,0,0,3
2038,0,4,0,0,0,0,3
2039,0,2,0,0,1,3,0
2040,0,1,3,0,0,0,0
2041,2,0,2,0,1,0,0
2042,0,1,0,0,0,0,0
2043,3,0,1,1,0,0,1
2044,3,0,0,0,3,0,0
2045,1,3,0,0,0,0,4
2046,0,1,0,0,0,1,2
2047,4,0,1,0,1,1,0
2048,0,2,0,0,4,0,3
2049,0,1,0,0,0,4,0
2050,1,2,2,1,0,2,0
2051,0,1,0,0,0,0,0
2052,0,1,2,2,2,0,2
2053,0,1,3,0,1,0,0
2054,1,3,0,0,0,0,0
2055,0,4,0,1,0,0,0
2056,0,1,0,0,1,0,0
2057,0,2,0,1,0,0,0
2058,2,0,0,0,0,0,0
2059,0,0,0,0,0,0,0
2060,0,0,0,0,2,0,0
2061,3,2,2,0,2,2,0
2062,0,1,0,0,0,2,0
2063,0,3,0,0,0,2,0
2064,1,4,0,4,0,0,0
2065,0,2,0,0,1,1,1
2066,0,2,0,1,3,0,3
2067,0,2,1,1,0,0,0
2068,0,0,0,0,1,3,0
2069,0,3,2,2,0,0,0
2070,0,0,1,0,0,0,0
2071,3,1,2,1,0,0,0
2072,3,0,3,1,0,0,4
2073,0,4,0,4,0,0,4
2074,0,3,0,0,0,4,2
2075,1,1,1,4,1,1,4
2076,0,2,0,0,0,2,0
2077,0,4,1,4,2,0,0
2078,0,0,0,0,0,0,4
2079,0,1,3,0,3,0,1
2080,0,4,0,0,2,1,0
2081,4,1,2,0,0,1,1
2082,4,1,0,0,0,0,0
2083,4,0,0,0,0,1,0
2084,0,2,0,2,0,3,1
2085,1,0,3,1,1,3,0
2086,0,2,2,0,0,1,0
2087,0,0,3,0,0,3,2
2088,1,0,0,0,2,0,1
2089,0,2,1,0,4,1,0
2090,0,3,0,0,0,1,0
2091,2,0,0,0,0,0,1
2092,1,1,0,0,0,1,0
2093,0,1,0,0,0,1,0
2094,3,1,2,1,0,0,4
2095,4,1,0,0,0,3,0
2096,0,0,1,0,1,1,0
2097,0,4,0,0,2,0,0
2098,0,1,0,0,0,0,0
2099,0,2,0,0,0,4,0
2100,0,0,1,2,1,1,0
2101,2,1,4,0,1,0,1
2102,4,0,2,0,0,1,0
2103,0,1,1,0,2,0,0
2104,0,1,2,0,1,0,0
2105,0,1,2,4,0,1,0
2106,0,0,0,2,0,1,0
2107,1,0,2,2,0,3,0
2108,0,0,0,0,0,0,0
2109,0,2,0,0,0,1,0
2110,0,1,0,0,4,0,2
2111,0,2,0,4,4,1,0
2112,0,3,1,0,0,1,0
2113,1,1,2,3,0,1,0
2114,0,1,2,4,0,0,4
2115,0,2,0,0,0,1,1
2116,0,0,0,4,0,0,0
2117,1,1,1,0,0,0,0
2118,0,1,0,0,0,3,0
2119,4,3,2,3,0,0,4
2120,1,0,0,0,0,0,3
2121,0,1,1,3,1,2,0
2122,2,0,0,3,0,0,4
2123,0,0,2,0,2,1,4
2124,4,4,3,1,0,2,0
2125,4,1,0,0,3,0,0
2126,0,0,0,0,0,0,2
2127,0,1,0,0,0,2,0
2128,0,2,4,3,0,0,0
2129,0,2,0,0,0,0,0
2130,0,1,0,1,0,0,0
2131,4,1,1,4,1,2,2
2132,0,0,2,3,0,0,0
2133,0,3,0,4,0,0,0
2134,0,3,1,0,0,0,0
2135,0,4,4,0,0,0,0
2136,0,0,2,0,4,0,0
2137,0,4,0,0,0,0,0
2138,1,3,0,0,1,2,1
2139,1,1,0,0,0,0,0
2140,0,1,1,0,0,0,0
2141,0,1,1,0,0,0,0
2142,0,0,0,2,0,1,0
2143,0,1,0,0,0,0,4
2144,0,1,0,0,0,1,0
2145,3,0,1,0,1,1,0
2146,0,4,0,0,1,0,1
2147,0,1,1,0,4,1,0
2148,0,0,0,1,0,0,0
2149,0,2,1,0,0,2,0
2150,0,1,0,3,0,0,0
2151,0,1,3,0,0,0,0
2152,0,1,4,0,0,0,0
2153,0,2,0,0,0,0,0
2154,1,0,0,0,2,0,2
2155,2,0,3,0,0,1,0
2156,0,1,0,0,3,0,0
2157,0,3,3,0,0,0,0
2158,1,0,1,0,3,1,4
2159,0,1,1,0,0,0,0
2160,0,1,1,0,0,4,1
2161,1,2,1,0,1,0,2
2162,2,4,0,1,1,0,3
2163,0,0,0,0,0,0,0
2164,0,0,4,0,1,1,2
2165,0,1,0,0,0,0,1
2166,0,0,0,0,0,0,0
2167,0,4,0,1,0,0,4
2168,0,3,1,1,3,0,0
2169,0,1,0,1,0,0,0
2170,0,2,0,1,2,1,3
2171,0,0,2,0,4,0,0
2172,3,1,0,1,0,0,0
2173,0,1,0,0,2,2,2
2174,0,0,0,4,0,0,0
2175,0,4,3,0,0,1,0
2176,4,2,1,0,1,0,2
2177,0,3,0,2,0,0,0
2178,2,1,1,0,1,0,1
2179,0,1,3,0,1,0,1
2180,0,1,1,0,4,0,0
2181,0,2,1,0,2,0,0
2182,0,0,4,3,0,0,0
2183,0,0,3,0,0,2,0
2184,0,0,1,0,0,1,0
2185,0,0,0,0,0,4,0
2186,2,1,0,0,1,0,0
2187,0,4,0,2,0,2,0
2188,0,0,1,0,3,1,0
2189,0,1,0,0,1,0,0
2190,0,1,3,0,0,0,0
2191,0,3,0,0,0,1,2
2192,0,1,0,4,0,0,0
2193,0,0,1,0,2,0,3
2194,0,1,0,0,0,0,0
2195,2,0,2,0,0,1,0
2196,0,2,3,0,1,0,3
2197,1,1,0,0,0,0,0
2198,1,2,0,0,0,2,0
2199,0,3,1,4,0,0,1
2200,4,0,0,0,4,1,0
2201,0,1,0,1,0,0,0
2202,0,0,0,0,1,1,0
2203,0,1,1,0,0,0,2
2204,3,3,4,4,0,2,0
2205,1,1,0,0,0,2,0
2206,0,1,3,0,1,0,0
2207,0,1,0,0,1,0,0
2208,0,4,0,0,0,0,4
2209,0,1,0,0,3,0,0
2210,0,1,0,0,2,0,0
2211,4,0,1,4,2,1,3
2212,1,0,1,0,1,1,0
2213,1,1,1,0,1,0,0
2214,0,0,2,0,0,0,0
2215,0,2,1,1,1,0,3
2216,0,1,0,0,0,0,1
2217,1,0,1,0,2,1,0
2218,3,1,0,3,0,3,0
2219,3,4,4,1,0,0,0
2220,0,1,0,4,3,0,0
2221,0,1,4,0,0,0,2
2222,0,0,3,0,0,1,0
2223,0,0,0,0,1,1,0
2224,0,1,0,4,0,0,0
2225,4,1,4,1,1,0,3
2226,0,1,0,0,0,1,0
2227,0,0,1,0,1,1,0
2228,0,4,1,0,1,1,2
2229,0,1,0,0,2,0,0
2230,0,0,2,0,4,1,0
2231,0,1,0,0,0,0,0
2232,0,2,0,0,1,0,0
2233,0,2,4,0,1,0,0
2234,1,1,0,2,0,0,3
2235,0,3,0,0,0,2,0
2236,0,1,0,0,0,1,0
2237,0,2,2,0,0,1,0
2238,0,2,0,0,0,0,0
2239,1,1,0,0,0,4,0
2240,2,1,1,0,0,0,0
2241,0,1,0,0,0,4,3
2242,2,0,2,0,0,1,0
2243,3,4,0,3,0,0,0
2244,0,0,1,4,0,1,2
2245,0,4,3,0,2,0,0
2246,0,1,0,0,1,0,3
2247,0,0,0,0,0,0,2
2248,0,1,1,4,0,0,4
2249,3,3,2,0,0,0,1
2250,0,4,1,2,0,0,0
2251,1,2,0,4,1,1,0
2252,0,0,4,1,4,0,1
2253,0,3,0,0,0,0,0
2254,3,1,0,0,1,0,4
2255,0,2,3,4,4,3,3
2256,4,0,4,0,4,0,4
2257,1,0,0,0,4,0,0
2258,0,1,0,0,0,4,3
2259,0,1,0,0,1,0,3
2260,4,0,2,0,1,4,0
2261,0,0,1,0,0,0,0
2262,0,2,0,0,1,0,0
2263,0,1,1,4,0,0,0
2264,1,2,4,0,1,0,1
2265,0,1,0,4,0,0,0
2266,0,2,0,1,1,1,1
2267,0,1,4,0,0,4,0
2268,0,1,2,0,1,0,4
2269,1,4,0,0,0,0,0
2270,0,0,1,0,0,1,0
2271,4,3,0,0,4,3,0
2272,0,0,0,0,0,0,1
2273,0,3,1,0,0,2,0
2274,0,1,0,3,1,0,1
2275,0,2,1,0,0,0,0
2276,0,0,0,0,0,0,2
2277,0,3,4,0,0,0,0
2278,3,1,0,0,1,3,1
2279,3,2,0,1,0,0,0
2280,0,1,1,0,0,0,0
2281,0,0,3,0,3,0,1
2282,3,3,2,0,0,4,4
2283,2,2,0,1,0,0,0
2284,0,1,0,4,0,0,0
2285,3,1,0,0,0,0,0
2286,0,3,1,4,0,0,0
2287,0,3,0,0,4,0,1
2288,0,1,0,2,0,0,0
2289,0,1,0,0,3,0,4
2290,0,2,0,0,3,4,4
2291,0,2,0,2,0,1,0
2292,2,0,1,0,4,2,2
2293,0,1,0,0,0,0,0
2294,0,2,1,0,0,4,0
2295,0,1,0,0,2,0,1
2296,0,1,0,4,0,0,0
2297,0,0,1,0,0,3,0
2298,4,0,4,0,0,1,0
2299,0,1,0,0,0,3,0
2300,0,1,2,0,0,0,4
2301,0,2,0,0,1,3,0
2302,0,3,3,0,0,0,3
2303,0,0,1,0,4,0,0
2304,0,1,0,0,1,0,4
2305,0,0,0,0,4,0,1
2306,0,3,0,0,0,0,0
2307,0,3,0,3,0,4,0
2308,0,0,0,0,0,1,0
2309,2,1,0,0,0,1,0
2310,0,2,0,0,1,1,0
2311,0,1,3,2,0,0,0
2312,0,1,1,0,0,0,4
2313,0,1,4,0,0,4,0
2314,0,1,1,0,1,3,0
2315,0,0,1,3,2,1,0
2316,0,0,2,0,0,0,0
2317,0,0,0,0,0,0,0
2318,0,1,0,0,0,0,0
2319,4,1,0,4,0,0,0
2320,0,0,1,0,0,0,1
2321,2,1,0,0,1,0,1
2322,0,1,1,0,0,1,0
2323,4,2,0,0,1,0,0
2324,0,1,3,0,0,0,0
2325,0,1,1,0,0,0,3
2326,0,1,0,0,0,3,0
2327,0,2,0,1,1,1,1
2328,2,1,0,2,4,0,0
2329,0,1,0,0,0,0,1
2330,0,1,0,2,0,1,0
2331,0,0,2,0,0,0,0
2332,0,1,0,0,1,0,0
2333,1,1,3,0,1,3,0
2334,0,1,0,0,2,1,0
2335,0,1,2,0,2,0,0
2336,4,2,0,0,4,2,0
2337,0,0,0,0,0,2,0
2338,1,0,0,0,0,3,0
2339,2,0,3,0,0,0,2
2340,0,0,0,0,0,1,0
2341,0,0,1,4,0,1,0
2342,0,0,1,0,0,1,0
2343,3,1,0,0,0,4,0
2344,0,0,0,0,0,2,3
2345,2,0,0,4,0,0,0
2346,1,0,1,0,4,0,0
2347,0,0,3,0,2,1,2
2348,0,2,0,0,0,0,0
2349,0,1,0,0,1,0,1
2350,0,3,2,0,0,0,0
2351,0,0,3,0,4,1,0
2352,1,1,0,0,3,0,0
2353,0,0,0,0,0,0,1
2354,4,1,2,1,0,3,0
2355,0,3,1,4,0,0,0
2356,0,1,0,0,0,0,4
2357,0,4,3,0,0,1,3
2358,0,1,0,0,0,2,0
2359,4,0,1,0,3,1,0
2360,0,1,0,0,0,3,4
2361,2,4,1,2,4,0,0
2362,0,0,1,4,0,0,0
2363,0,1,0,2,0,4,0
2364,0,0,2,0,0,2,0
2365,0,3,2,2,0,2,0
2366,0,1,0,0,3,0,0
2367,0,4,2,0,0,0,1
2368,0,1,0,0,0,0,0
2369,0,0,1,0,0,0,0
2370,0,1,0,0,0,1,0
2371,4,2,0,1,0,1,0
2372,1,1,0,0,0,3,0
2373,0,2,0,1,1,0,0
2374,0,0,0,0,3,1,0
2375,0,1,0,0,0,4,0
2376,0,0,2,0,0,1,0
2377,0,1,0,0,1,0,2
2378,0,1,0,0,3,0,0
2379,0,1,4,0,1,3,1
2380,0,0,1,0,0,0,0
2381,0,0,0,1,0,0,0
2382,0,4,4,0,0,0,0
2383,0,0,3,0,3,1,0
2384,0,0,0,1,0,4,0
2385,0,1,0,3,0,0,0
2386,0,2,4,3,0,0,4
2387,0,0,1,2,0,0,0
2388,0,1,0,0,0,0,3
2389,0,1,0,0,0,2,0
2390,4,2,1,3,3,0,1
2391,0,0,2,1,1,2,1
2392,0,2,3,0,0,0,0
2393,0,1,3,1,2,3,0
2394,0,1,0,0,0,0,0
2395,0,0,0,0,0,3,1
2396,1,0,0,0,0,1,0
2397,0,0,1,1,0,0,0
2398,3,0,0,0,0,0,0
2399,1,1,0,2,4,1,0
2400,0,2,0,0,0,4,0
2401,4,1,1,0,0,1,2
2402,1,3,1,0,0,0,1
2403,0,2,0,0,1,0,0
2404,0,0,0,0,2,2,0
2405,4,0,0,0,0,3,0
2406,3,1,0,0,0,0,4
2407,0,1,2,4,0,0,4
2408,0,1,0,0,0,1,1
2409,0,1,1,2,0,0,0
2410,0,2,3,0,0,1,0
2411,1,0,3,0,0,1,0
2412,0,0,1,0,1,0,0
2413,0,1,3,1,0,0,0
2414,0,0,0,0,0,0,0
2415,2,0,1,0,1,2,2
2416,0,4,0,0,0,0,0
2417,0,0,0,0,0,2,2
2418,0,0,1,0,1,1,0
2419,0,0,0,3,0,2,0
2420,0,1,2,0,1,1,0
2421,0,2,0,0,1,0,0
2422,2,0,0,0,1,1,0
2423,0,2,3,1,1,1,4
2424,0,2,0,1,1,0,3
2425,0,3,1,1,1,2,1
2426,0,1,1,3,0,0,1
2427,0,0,0,0,0,1,0
2428,0,0,0,0,0,0,0
2429,0,1,1,1,0,0,0
2430,4,0,0,0,0,1,0
2431,3,1,0,0,3,0,0
2432,2,1,1,0,4,1,0
2433,0,1,1,0,3,4,0
2434,0,2,2,0,0,0,0
2435,0,1,1,0,0,1,2
2436,0,1,4,3,3,0,0
2437,0,1,0,0,0,0,4
2438,0,1,0,0,0,0,0
2439,0,0,2,0,0,1,0
2440,4,3,1,0,1,0,0
2441,0,1,1,0,0,0,0
2442,0,2,0,1,1,0,0
2443,0,1,4,0,0,0,0
2444,4,1,1,0,0,1,0
2445,0,0,0,0,0,0,2
2446,0,0,0,0,0,0,0
2447,0,1,2,0,0,4,0
2448,0,1,0,0,0,0,0
2449,0,1,0,0,1,0,3
2450,1,1,1,0,3,0,0
2451,4,3,0,0,0,0,3
2452,0,0,1,0,1,4,0
2453,4,2,4,0,0,1,0
2454,0,1,0,0,4,1,3
2455,0,4,1,0,3,1,0
2456,4,1,0,0,0,4,0
2457,0,1,0,1,1,0,1
2458,0,4,0,0,1,2,4
2459,4,1,1,0,4,0,0
2460,0,0,1,4,0,1,0
2461,3,1,4,0,0,3,0
2462,0,4,1,0,0,1,0
2463,0,1,1,0,1,0,1
2464,0,0,2,0,0,0,0
2465,4,0,4,0,3,0,0
2466,0,1,0,0,0,0,0
2467,0,4,0,0,3,0,0
2468,0,1,0,0,3,2,1
2469,0,0,1,0,4,0,0
2470,0,2,0,3,0,1,0
2471,0,1,0,2,1,0,1
2472,0,4,1,0,0,4,4
2473,4,1,0,4,0,3,0
2474,0,1,0,1,0,0,2
2475,0,0,2,0,2,1,0
2476,0,1,3,0,1,1,2
2477,0,1,0,0,0,1,0
2478,0,2,0,2,1,1,2
2479,3,2,1,1,0,0,0
2480,0,1,0,1,0,0,0
2481,0,3,2,0,4,0,0
2482,2,1,0,0,0,0,0
2483,0,1,1,0,0,0,0
2484,0,1,0,0,1,0,1
2485,0,1,0,0,0,0,1
2486,0,1,1,0,0,0,0
2487,0,1,0,0,0,0,0
2488,0,0,1,0,2,1,1
2489,0,1,0,3,0,0,0
2490,3,0,3,0,0,3,4
2491,0,1,1,0,0,1,0
2492,0,2,0,0,1,0,0
2493,0,1,2,0,1,1,0
2494,0,0,1,0,0,0,0
2495,0,0,1,2,0,1,0
2496,0,2,1,1,1,2,3
2497,0,1,3,0,0,0,0
2498,2,1,1,0,0,2,0
2499,0,1,4,0,0,0,0
2500,0,1,0,2,0,0,2
2501,0,0,0,0,0,1,0
2502,0,2,0,4,1,0,0
2503,0,4,2,0,1,0,3
2504,0,0,2,0,0,1,2
2505,0,2,3,0,1,0,1
2506,0,1,0,0,0,0,0
2507,3,3,0,0,0,1,2
2508,4,0,2,1,4,0,0
2509,3,1,0,0,2,4,1
2510,0,1,2,3,0,0,4
2511,0,1,0,1,0,0,2
2512,0,0,0,0,1,1,1
2513,3,1,4,2,1,1,1
2514,0,1,0,0,1,3,0
2515,3,2,0,0,0,4,0
2516,0,3,0,1,0,1,1
2517,0,1,3,0,0,0,0
2518,3,1,0,0,0,2,0
2519,0,1,4,0,2,0,0
2520,0,2,1,0,0,0,1
2521,0,0,0,0,0,0,0
2522,0,4,0,0,3,0,0
2523,0,2,0,4,0,0,0
2524,3,0,2,0,1,0,0
2525,0,4,0,1,1,0,4
2526,0,1,3,0,1,1,0
2527,0,1,3,0,0,3,0
2528,0,2,1,0,1,1,1
2529,0,0,2,0,1,4,0
2530,0,1,0,0,0,1,1
2531,0,0,0,0,0,0,0
2532,0,2,0,0,2,0,0
2533,0,0,1,0,0,3,0
2534,1,2,0,0,0,0,0
2535,0,0,0,0,0,0,0
2536,0,0,1,0,0,0,0
2537,0,0,0,0,0,0,0
2538,0,1,4,4,2,3,1
2539,0,1,0,1,4,1,0
2540,0,1,0,3,0,4,0
2541,4,1,1,0,0,4,0
2542,3,1,0,0,0,0,0
2543,0,1,0,0,0,0,0
2544,0,1,1,0,0,1,0
2545,0,2,4,0,1,0,1
2546,0,0,0,4,0,1,0
2547,0,4,3,2,0,0,0
2548,0,4,4,1,0,0,0
2549,0,2,4,3,0,0,0
2550,0,1,0,0,1,0,2
2551,0,1,0,1,0,0,1
2552,0,1,0,4,0,1,0
2553,2,0,1,1,2,2,0
2554,0,0,1,0,1,1,0
2555,0,1,4,0,0,0,0
2556,4,1,0,4,0,0,0
2557,0,1,0,0,0,0,1
2558,0,1,0,0,0,0,0
2559,0,2,2,1,0,0,0
2560,0,1,0,2,0,1,0
2561,0,2,0,0,1,2,0
2562,0,1,0,0,0,0,0
2563,0,4,1,4,0,0,0
2564,1,1,0,0,3,4,0
2565,3,1,1,1,0,0,0
2566,0,0,1,0,3,1,3
2567,1,0,0,3,0,1,0
2568,0,1,0,0,2,1,1
2569,0,1,2,0,0,0,0
2570,3,2,1,0,0,0,0
2571,0,1,1,0,0,0,0
2572,0,0,3,3,0,1,0
2573,0,1,4,0,0,1,2
2574,0,1,3,2,0,1,0
2575,0,0,0,1,0,1,1
2576,0,1,1,1,1,1,0
2577,0,1,1,0,4,0,0
2578,4,1,0,1,0,1,0
2579,0,2,0,3,0,1,0
2580,0,1,0,3,4,1,0
2581,0,1,0,0,0,0,0
2582,1,2,0,0,0,0,0
2583,0,0,3,3,0,2,0
2584,4,1,1,1,4,0,4
2585,0,1,0,0,3,2,0
2586,0,1,0,0,0,2,0
2587,1,1,1,3,1,4,0
2588,0,1,1,0,0,1,0
2589,3,0,1,1,0,0,0
2590,0,0,4,2,0,3,1
2591,0,1,0,0,0,0,0
2592,0,0,1,0,0,1,0
2593,0,0,1,0,0,0,0
2594,0,3,0,0,1,4,0
2595,0,2,1,0,4,0,0
2596,0,0,0,0,0,3,0
2597,0,0,2,0,0,0,1
2598,4,1,0,0,0,0,4
2599,0,0,0,0,0,0,0
2600,0,1,0,0,1,2,0
2601,1,1,0,0,0,1,0
2602,0,2,0,0,0,0,3
2603,0,0,2,0,1,1,0
2604,0,1,0,0,0,0,0
2605,0,1,4,2,0,0,0
2606,0,2,1,0,0,1,2
2607,0,1,4,0,0,0,4
2608,1,3,3,0,1,0,1
2609,0,1,0,0,1,2,1
2610,1,4,0,0,4,1,1
2611,0,2,4,0,1,0,1
2612,0,0,1,0,0,0,0
2613,0,2,0,1,0,0,0
2614,0,0,0,0,0,0,4
2615,0,1,0,4,1,0,0
2616,4,1,0,0,1,1,1
2617,0,4,0,0,0,1,0
2618,0,1,0,2,0,0,0
2619,0,1,0,0,0,0,0
2620,0,0,4,2,1,0,0
2621,0,3,0,0,0,0,0
2622,0,0,0,3,0,0,4
2623,0,3,0,4,2,1,0
2624,0,0,0,0,0,1,0
2625,0,0,0,0,0,1,0
2626,0,2,3,0,0,1,0
2627,0,0,0,0,0,3,0
2628,1,0,4,0,2,3,0
2629,3,1,0,0,0,0,0
2630,4,1,1,0,0,0,0
2631,0,0,0,0,3,0,4
2632,0,3,0,0,0,0,0
2633,0,1,0,1,2,0,1
2634,0,0,0,3,1,4,0
2635,0,0,2,0,3,3,0
2636,0,1,0,3,0,1,0
2637,0,0,0,0,0,0,1
2638,1,4,0,2,0,4,0
2639,4,1,3,0,0,1,0
2640,0,1,1,0,0,2,0
2641,0,1,1,0,0,0,1
2642,0,1,4,0,1,0,0
2643,0,0,2,0,1,0,1
2644,0,1,0,0,3,1,0
2645,3,2,0,0,0,2,0
2646,0,3,0,0,0,0,0
2647,0,1,0,1,0,0,1
2648,0,1,1,2,0,0,1
2649,0,1,0,1,2,0,0
2650,1,3,1,0,0,2,0
2651,4,1,1,0,0,0,0
2652,0,1,0,0,0,1,2
2653,0,2,0,0,0,0,0
2654,4,4,0,0,0,2,4
2655,0,0,3,0,0,1,0
2656,3,2,0,0,0,2,1
2657,0,2,0,0,0,0,0
2658,0,1,0,0,0,3,0
2659,0,1,0,0,2,0,0
2660,3,1,0,0,0,3,0
2661,0,1,0,1,3,0,0
2662,4,0,0,0,4,1,0
2663,0,1,0,0,0,0,0
2664,0,3,3,0,1,3,0
2665,0,2,2,0,1,3,1
2666,0,1,0,0,0,0,0
2667,0,1,0,0,2,3,0
2668,0,0,1,4,0,0,3
2669,3,1,0,0,1,0,1
2670,0,2,2,4,1,1,0
2671,0,1,0,0,0,1,0
2672,0,1,0,0,4,1,2
2673,0,0,0,0,3,1,0
2674,0,1,0,0,2,0,0
2675,0,1,0,0,0,0,3
2676,3,1,0,0,0,4,0
2677,0,1,0,0,0,1,3
2678,0,1,1,1,1,0,0
2679,3,0,0,4,0,1,0
2680,2,0,0,0,0,0,0
2681,0,4,1,0,0,0,0
2682,0,1,0,1,0,0,1
2683,0,1,2,0,2,0,0
2684,0,1,0,0,1,0,0
2685,0,1,2,1,0,1,0
2686,2,2,1,0,0,1,0
2687,0,3,1,0,0,3,0
2688,0,4,0,3,0,3,0
2689,0,2,0,4,0,0,0
2690,1,0,0,0,0,1,0
2691,4,1,0,0,4,1,0
2692,0,0,2,0,0,2,0
2693,0,2,0,1,4,0,0
2694,0,0,2,0,2,3,0
2695,0,2,0,4,1,0,3
2696,2,2,2,1,2,1,0
2697,1,4,4,0,1,4,0
2698,0,2,3,0,2,1,0
2699,0,4,0,0,0,1,0
2700,3,1,0,2,0,2,0
2701,0,4,0,0,0,0,0
2702,0,3,0,4,0,0,0
2703,0,1,0,0,0,1,0
2704,0,1,1,0,1,1,0
2705,0,0,2,0,3,1,0
2706,0,1,1,0,0,1,1
2707,0,1,1,0,3,1,2
2708,2,1,1,1,0,0,0
2709,3,1,1,3,0,0,0
2710,0,1,0,0,1,2,1
2711,0,0,1,2,1,2,0
2712,0,0,3,0,4,3,0
2713,0,1,4,1,0,1,0
2714,0,1,0,0,0,0,4
2715,0,1,0,0,3,0,0
2716,0,1,1,0,3,0,4
2717,0,0,1,0,2,1,0
2718,0,0,0,0,1,1,0
2719,0,1,1,0,2,0,3
2720,4,0,1,0,1,1,0
2721,0,0,0,1,0,0,1
2722,0,1,0,4,1,0,0
2723,2,2,1,1,2,0,1
2724,0,2,2,0,0,3,0
2725,0,1,2,0,0,3,0
2726,0,2,3,1,0,3,0
2727,2,2,0,0,2,0,0
2728,0,4,0,0,1,0,0
2729,0,1,0,1,0,1,0
2730,2,1,0,1,1,0,0
2731,0,1,0,4,0,0,1
2732,1,1,1,0,1,0,0
2733,0,1,0,0,0,0,0
2734,0,2,2,0,2,0,4
2735,0,0,1,0,3,0,0
2736,0,1,3,0,0,3,0
2737,4,1,0,1,0,1,0
2738,0,4,0,0,0,0,0
2739,0,0,0,0,0,0,0
2740,0,1,3,2,4,0,0
2741,0,4,0,0,0,0,1
2742,0,1,0,0,0,0,0
2743,0,1,0,0,1,0,1
2744,0,1,4,0,1,1,2
2745,0,2,0,0,0,4,2
2746,0,1,0,0,0,0,0
2747,0,1,4,0,0,1,0
2748,0,1,0,0,0,0,0
2749,0,1,0,0,0,0,0
2750,4,2,0,0,1,0,0
2751,1,1,0,0,2,4,1
2752,3,3,0,0,0,0,0
2753,0,0,1,0,4,0,0
2754,0,2,0,0,1,0,1
2755,0,1,0,1,1,0,4
2756,2,1,0,0,0,4,0
2757,0,1,3,0,0,4,0
2758,0,0,1,0,0,2,0
2759,0,0,0,2,0,0,0
2760,0,0,0,0,1,4,0
2761,1,1,2,0,0,0,0
2762,0,1,4,0,0,0,0
2763,0,2,0,4,0,0,0
2764,0,1,0,0,0,0,1
2765,0,1,0,1,1,0,1
2766,4,1,0,0,0,0,0
2767,0,0,1,1,0,1,0
2768,0,2,0,0,0,0,0
2769,0,2,3,0,2,0,1
2770,2,1,3,4,0,0,0
2771,0,1,1,0,0,0,1
2772,0,0,4,0,3,0,0
2773,0,2,0,0,0,4,0
2774,0,1,1,0,0,0,3
2775,1,0,3,4,0,1,0
2776,0,1,1,1,0,0,0
2777,3,1,1,0,1,0,0
2778,0,4,0,2,0,0,0
2779,0,0,3,0,4,4,0
2780,0,0,0,0,0,1,1
2781,0,2,0,0,1,1,1
2782,0,1,0,0,4,0,0
2783,3,2,0,4,1,0,0
2784,0,1,0,0,0,1,0
2785,0,0,0,4,0,3,0
2786,0,0,1,1,1,1,0
2787,0,1,4,3,1,2,0
2788,2,1,2,0,4,1,0
2789,0,1,0,0,0,0,3
2790,0,1,0,0,0,0,0
2791,0,1,2,0,0,0,1
2792,0,0,1,1,1,1,0
2793,0,2,0,2,0,0,0
2794,0,0,0,0,0,3,0
2795,0,1,0,0,0,0,0
2796,0,2,0,0,0,0,0
2797,4,3,0,0,2,0,0
2798,0,0,0,0,0,4,0
2799,0,0,0,0,0,2,0
2800,0,2,4,3,0,1,0
2801,0,0,3,0,4,0,3
2802,0,1,1,0,0,0,0
2803,0,2,1,0,1,2,0
2804,2,3,1,0,0,1,0
2805,0,1,0,3,0,0,0
2806,0,3,0,0,4,0,3
2807,0,1,1,1,0,1,0
2808,1,1,1,3,1,0,1
2809,1,3,2,0,0,3,0
2810,0,0,3,0,0,0,0
2811,0,1,0,4,0,1,0
2812,0,0,2,0,1,1,2
2813,2,1,1,0,0,0,0
2814,0,2,0,0,0,0,0
2815,0,0,2,0,3,1,1
2816,1,2,3,0,3,1,0
2817,0,1,0,0,4,0,0
2818,3,3,0,1,0,1,1
2819,0,1,1,0,0,0,0
2820,0,1,0,0,0,0,0
2821,0,2,1,0,0,0,0
2822,0,2,0,0,1,1,1
2823,0,0,1,0,1,1,0
2824,0,2,0,0,0,0,0
2825,0,0,2,0,1,3,0
2826,0,2,0,0,4,0,0
2827,0,2,1,4,0,3,0
2828,0,0,1,0,2,1,2
2829,0,1,0,0,0,0,0
2830,0,1,4,1,0,1,0
2831,0,1,0,3,0,0,0
2832,0,2,4,0,0,2,0
2833,0,1,0,0,0,0,0
2834,0,1,3,0,1,3,1
2835,0,1,0,0,1,0,0
2836,0,1,0,1,3,0,0
2837,0,0,1,0,1,1,0
2838,0,2,0,2,1,0,0
2839,4,4,1,3,0,1,0
2840,0,4,0,0,0,0,0
2841,0,2,0,3,0,0,0
2842,0,0,0,0,0,0,2
2843,0,0,0,0,0,0,0
2844,0,1,0,0,0,0,0
2845,0,0,1,1,0,0,4
2846,0,1,0,0,0,0,0
2847,4,3,1,0,0,0,0
2848,0,0,3,0,0,3,0
2849,0,2,0,1,0,0,0
2850,0,2,3,0,1,2,0
2851,0,3,0,0,0,0,0
2852,0,1,0,0,1,0,0
2853,2,1,0,0,0,0,0
2854,3,3,0,0,0,0,0
2855,4,2,1,4,1,1,0
2856,0,2,0,3,1,1,0
2857,0,0,2,0,1,3,0
2858,4,0,1,0,1,1,0
2859,4,4,0,4,1,4,1
2860,0,1,0,1,1,3,0
2861,0,0,0,0,0,1,4
2862,1,4,3,0,0,0,0
2863,0,3,0,2,3,0,0
2864,0,1,0,1,2,1,0
2865,1,4,0,0,0,0,0
2866,0,2,0,4,0,1,1
2867,0,2,0,1,0,0,0
2868,0,2,3,1,0,1,0
2869,2,1,0,0,1,0,0
2870,0,0,1,0,0,0,0
2871,1,1,4,0,0,0,0
2872,0,2,2,1,0,0,3
2873,0,2,0,1,0,0,0
2874,0,1,1,0,4,1,0
2875,0,1,1,2,0,4,0
2876,0,3,2,0,3,4,0
2877,3,1,4,0,0,0,0
2878,3,1,1,4,0,0,0
2879,0,3,0,2,1,2,0
2880,0,0,1,0,0,1,0
2881,0,3,0,0,4,0,0
2882,0,1,0,0,0,3,0
2883,0,1,0,4,0,4,4
2884,1,1,2,0,2,1,0
2885,0,1,1,3,0,0,0
2886,0,1,0,0,1,2,0
2887,0,1,1,0,1,1,4
2888,0,3,0,1,0,1,0
2889,0,0,2,0,4,3,3
2890,0,4,3,3,3,1,0
2891,0,2,0,3,0,2,2
2892,0,1,1,0,0,0,0
2893,1,1,0,0,0,0,0
2894,4,1,1,0,0,0,0
2895,2,2,0,1,1,1,1
2896,1,4,0,0,0,0,0
2897,0,2,0,0,0,0,0
2898,0,1,0,0,1,0,0
2899,0,1,3,4,0,4,1
2900,0,1,1,0,0,0,4
2901,0,1,0,0,3,0,3
2902,0,0,0,0,2,4,2
2903,0,1,0,3,1,0,1
2904,2,1,0,3,0,0,0
2905,4,3,0,0,0,0,0
2906,0,1,0,2,0,1,1
2907,0,0,2,0,0,0,0
2908,0,2,0,0,1,0,1
2909,0,3,2,3,0,1,3
2910,0,0,0,2,0,0,0
2911,0,3,0,0,0,0,1
2912,0,0,1,0,0,1,0
2913,1,0,1,0,4,1,0
2914,0,2,0,0,0,0,0
2915,1,2,0,0,0,3,0
2916,0,2,0,1,0,2,0
2917,0,4,3,0,0,0,0
2918,0,1,1,3,0,0,3
2919,0,2,3,3,0,0,0
2920,1,1,0,0,0,0,1
2921,0,1,0,0,0,0,0
2922,0,1,0,0,0,0,0
2923,0,1,0,0,0,0,0
2924,0,2,1,1,0,2,0
2925,0,0,1,0,1,1,0
2926,0,1,0,1,0,0,0
2927,0,1,4,0,3,4,0
2928,0,0,0,2,1,3,0
2929,0,1,4,0,0,3,0
2930,0,1,4,0,0,0,4
2931,0,1,0,0,3,4,4
2932,0,2,2,0,0,0,0
2933,0,0,0,4,0,0,3
2934,1,1,0,0,0,0,2
2935,0,0,2,0,0,1,0
2936,1,1,1,1,3,2,0
2937,1,2,1,0,0,1,0
2938,1,1,0,1,1,1,1
2939,0,1,4,1,1,0,0
2940,1,2,0,0,1,0,3
2941,0,3,0,3,4,0,4
2942,3,3,0,0,1,0,2
2943,0,0,3,2,4,0,0
2944,0,2,1,0,0,0,0
2945,0,0,0,0,0,1,0
2946,0,0,1,0,3,1,0
2947,0,2,1,1,0,0,0
2948,0,1,1,0,0,0,0
2949,0,2,2,1,0,3,0
2950,0,0,0,0,0,1,0
2951,0,3,0,0,0,0,0
2952,0,0,2,0,3,1,0
2953,0,0,3,0,1,1,0
2954,0,4,0,1,0,1,2
2955,0,1,0,2,0,3,0
2956,0,0,0,0,1,1,0
2957,0,0,1,2,1,4,0
2958,1,4,0,0,1,0,1
2959,1,0,3,3,0,3,0
2960,0,1,0,0,0,1,0
2961,0,1,0,3,0,1,0
2962,0,2,1,0,0,0,2
2963,0,1,0,4,1,0,1
2964,2,0,1,0,2,1,0
2965,0,3,0,0,1,0,0
2966,0,1,0,1,2,1,0
2967,0,2,0,4,1,0,1
2968,0,2,4,2,0,3,0
2969,0,1,0,0,4,1,0
2970,0,1,0,0,0,1,0
2971,1,2,0,1,1,0,0
2972,0,4,3,0,3,0,0
2973,0,0,0,2,0,2,0
2974,3,2,0,0,1,1,1
2975,0,1,0,0,0,0,0
2976,1,2,3,0,1,0,0
2977,0,1,0,0,4,0,0
2978,3,1,3,0,1,0,0
2979,1,1,0,0,0,2,0
2980,0,0,1,3,4,0,0
2981,2,1,0,1,0,0,0
2982,3,3,0,4,4,0,0
2983,1,2,1,1,0,0,0
2984,2,2,3,0,0,0,0
2985,0,0,0,0,0,1,2
2986,0,0,4,0,1,1,0
2987,3,1,1,2,0,3,0
2988,1,1,0,0,4,0,0
2989,3,3,4,1,3,3,2
2990,1,1,0,0,1,0,0
2991,0,1,0,4,1,1,0
2992,0,4,4,0,0,0,0
2993,0,1,0,0,0,0,4
2994,1,4,0,0,1,1,0
2995,4,3,2,4,3,1,0
2996,0,1,0,0,0,0,4
2997,0,1,0,0,0,0,0
2998,0,1,0,0,2,0,0
2999,3,1,0,0,0,0,0
3000,4,2,4,0,0,0,4
3001,0,2,0,0,0,0,1
3002,0,0,1,3,2,2,1
3003,3,1,4,0,2,3,0
3004,0,1,0,3,0,1,3
3005,2,4,1,0,1,0,0
3006,0,0,0,0,0,1,2
3007,0,1,0,0,0,1,1
3008,1,1,4,0,0,0,2
3009,0,0,0,1,1,1,0
3010,0,1,0,0,0,0,0
3011,0,1,1,0,0,0,0
3012,3,4,0,0,0,4,0
3013,0,0,1,0,0,1,0
3014,0,4,0,0,1,0,1
3015,0,1,0,0,1,0,1
3016,1,0,2,4,0,0,0
3017,3,2,0,1,0,3,0
3018,0,0,0,0,1,0,0
3019,0,0,0,0,3,3,2
3020,0,1,0,4,4,4,4
3021,4,2,3,2,3,0,2
3022,0,0,1,0,0,0,0
3023,3,0,0,4,2,1,0
3024,0,0,0,0,1,2,0
3025,0,1,0,2,0,0,0
3026,0,4,0,0,0,0,0
3027,0,2,3,0,3,1,2
3028,2,1,0,0,1,0,0
3029,0,0,0,4,0,3,0
3030,0,1,0,0,0,3,0
3031,1,0,0,0,0,0,4
3032,0,4,1,0,3,1,0
3033,0,2,1,0,1,1,0
3034,1,3,1,0,0,0,0
3035,0,2,0,0,2,1,0
3036,1,0,0,0,0,1,0
3037,4,3,0,3,0,0,0
3038,0,1,0,0,1,0,1
3039,0,1,0,0,0,3,0
3040,1,1,0,1,0,0,0
3041,0,2,0,0,0,0,3
3042,0,4,0,0,0,1,0
3043,0,2,0,1,1,4,1
3044,3,1,0,3,1,0,1
3045,0,1,0,0,3,1,4
3046,0,1,0,0,1,1,0
3047,0,0,0,4,4,1,0
3048,0,0,0,3,0,1,0
3049,0,3,1,4,1,0,2
3050,0,1,0,0,0,4,3
3051,0,1,0,4,4,1,0
3052,0,1,0,0,3,2,0
3053,0,0,1,0,0,1,0
3054,4,1,0,0,1,1,1
3055,0,0,1,0,0,2,0
3056,0,1,2,1,1,0,0
3057,0,1,0,0,1,2,0
3058,0,0,4,0,0,1,0
3059,0,2,0,0,0,0,0
3060,2,0,1,1,1,1,0
3061,0,2,0,0,0,0,0
3062,1,1,0,0,0,2,0
3063,0,4,1,0,0,3,0
3064,0,2,0,0,4,4,3
3065,0,1,0,0,3,2,0
3066,4,1,2,0,1,0,0
3067,0,2,1,0,0,0,1
3068,3,4,0,0,4,3,0
3069,0,1,3,4,0,0,4
3070,0,1,0,0,0,0,0
3071,0,0,0,0,0,0,0
3072,0,1,1,4,0,0,0
3073,0,2,0,2,0,0,3
3074,0,4,0,0,1,1,0
3075,0,0,1,0,0,1,2
3076,0,1,0,4,0,1,0
3077,0,1,4,0,0,0,0
3078,0,1,0,0,0,0,2
3079,0,4,4,0,0,0,0
3080,3,1,0,0,0,0,0
3081,0,0,1,0,0,0,4
3082,0,1,0,0,0,1,0
3083,0,1,0,0,0,0,0
3084,0,0,0,0,0,0,4
3085,1,2,0,0,0,1,0
3086,4,1,0,0,0,3,3
3087,0,1,0,0,4,2,4
3088,0,1,0,0,1,1,1
3089,0,2,1,2,1,0,3
3090,4,0,2,2,0,1,0
3091,0,2,2,0,0,2,3
3092,0,0,0,0,0,0,0
3093,0,1,0,0,4,2,0
3094,3,1,0,0,0,0,0
3095,0,1,2,2,0,1,3
3096,0,2,0,0,0,3,0
3097,0,1,0,1,2,0,0
3098,3,2,0,0,0,4,0
3099,2,0,1,0,2,4,4
3100,0,0,0,0,0,2,0
3101,0,1,0,0,0,0,0
3102,0,0,0,0,1,4,3
3103,0,1,1,0,4,3,3
3104,0,3,0,0,0,1,0
3105,0,0,1,1,1,0,3
3106,0,0,0,0,4,1,0
3107,0,3,0,0,0,0,0
3108,2,1,0,0,0,0,0
3109,0,2,2,1,0,0,0
3110,0,1,0,0,0,1,0
3111,0,1,4,0,0,0,1
3112,0,1,0,0,0,0,0
3113,3,0,0,0,0,1,4
3114,1,0,3,1,0,1,1
3115,0,3,1,0,1,1,0
3116,0,3,0,0,0,0,0
3117,0,1,4,0,0,0,4
3118,4,1,1,0,2,0,1
3119,0,0,1,0,4,0,0
3120,0,3,0,1,0,3,0
3121,0,0,1,0,0,0,0
3122,1,3,1,2,1,0,1
3123,0,1,1,0,0,2,3
3124,1,1,3,1,0,1,0
3125,0,1,0,0,2,0,0
3126,0,1,3,0,4,4,0
3127,0,3,0,0,2,0,2
3128,0,1,0,2,0,0,0
3129,0,3,0,0,0,0,3
3130,0,4,0,0,0,4,0
3131,0,2,0,0,1,2,0
3132,0,1,0,2,0,0,0
3133,0,2,0,3,0,1,0
3134,0,2,4,0,0,0,1
3135,0,1,1,4,0,0,0
3136,0,2,0,1,0,0,0
3137,0,0,0,0,0,0,1
3138,0,1,0,0,0,0,3
3139,4,1,1,3,3,2,0
3140,2,0,0,0,3,0,0
3141,3,1,0,0,0,2,0
3142,0,1,0,0,0,0,0
3143,0,2,1,0,0,1,0
3144,2,0,1,0,2,0,0
3145,0,1,0,0,0,1,0
3146,0,4,0,0,0,0,0
3147,4,0,2,0,0,0,2
3148,0,1,0,0,0,0,0
3149,0,4,1,0,0,1,0
3150,2,1,0,0,0,0,4
3151,0,1,0,0,0,0,0
3152,0,0,0,0,0,0,3
3153,0,1,1,3,2,0,0
3154,1,4,1,0,1,1,1
3155,4,1,1,0,3,0,0
3156,0,0,2,0,0,0,0
3157,0,1,1,0,0,0,0
3158,0,1,1,0,0,0,2
3159,0,2,0,4,0,0,0
3160,0,2,0,3,0,0,0
3161,0,1,0,0,0,0,0
3162,4,1,0,0,0,0,0
3163,0,0,4,0,0,0,0
3164,0,1,1,0,0,2,3
3165,0,0,1,0,0,1,0
3166,2,1,0,0,0,4,0
3167,2,3,0,0,0,0,0
3168,1,0,1,1,1,2,0
3169,0,1,0,0,0,0,0
3170,0,0,3,0,2,1,0
3171,0,1,0,0,0,3,4
3172,0,1,1,0,0,0,0
3173,0,0,0,2,0,0,0
3174,0,2,0,0,0,0,0
3175,0,1,0,4,1,0,4
3176,2,1,0,0,0,0,4
3177,3,4,1,1,2,1,0
3178,3,1,0,0,4,0,3
3179,0,0,2,4,1,0,0
3180,0,1,2,0,1,1,0
3181,0,0,0,0,0,3,0
3182,0,0,0,0,0,3,0
3183,3,3,0,0,0,2,0
3184,0,0,1,0,0,3,0
3185,0,0,1,0,0,1,0
3186,1,1,2,4,4,2,0
3187,0,2,1,1,0,0,0
3188,0,1,0,1,0,1,1
3189,0,0,0,0,0,0,0
3190,3,1,1,0,0,1,0
3191,0,0,0,1,0,1,0
3192,0,3,0,0,0,2,1
3193,0,1,0,0,1,1,0
3194,3,0,1,0,2,4,0
3195,0,1,0,0,0,0,4
3196,0,1,1,0,0,4,4
3197,4,1,0,0,0,4,3
3198,0,1,0,3,1,0,3
3199,0,1,4,0,0,0,2
3200,0,0,1,0,0,1,0
3201,3,0,4,0,0,1,0
3202,0,0,1,0,2,3,0
3203,0,1,0,0,0,0,0
3204,0,1,0,0,0,0,1
3205,0,0,1,3,0,1,0
3206,0,0,0,2,0,0,3
3207,0,1,2,1,4,4,0
3208,0,2,0,0,0,3,0
3209,0,1,0,1,1,0,0
3210,0,0,0,0,1,0,0
3211,4,1,1,0,0,0,0
3212,0,2,0,0,0,0,1
3213,0,4,0,3,0,2,0
3214,4,2,4,3,0,0,0
3215,0,2,0,0,0,2,0
3216,0,1,1,0,4,1,0
3217,0,3,0,2,0,2,0
3218,4,2,0,1,1,1,1
3219,0,1,0,0,0,0,0
3220,4,2,0,0,0,0,0
3221,0,0,1,0,1,1,0
3222,0,1,1,0,1,0,0
3223,0,4,4,0,0,1,0
3224,0,1,0,2,0,0,0
3225,0,0,4,0,1,2,0
3226,3,2,2,0,0,0,0
3227,0,1,0,0,0,0,2
3228,0,1,0,0,0,4,0
3229,0,2,0,1,0,0,0
3230,0,2,0,0,0,0,0
3231,3,1,0,0,2,1,0
3232,0,1,0,0,0,0,2
3233,3,1,2,0,4,0,1
3234,0,1,0,0,1,0,1
3235,3,4,1,0,0,1,0
3236,1,1,4,0,0,4,0
3237,0,2,1,0,0,2,3
3238,2,2,0,0,0,0,0
3239,0,2,0,3,0,0,2
3240,0,1,0,2,1,1,1
3241,0,1,2,0,0,0,1
3242,0,1,0,3,1,1,0
3243,2,1,0,0,1,0,1
3244,0,0,0,0,0,4,0
3245,2,0,1,0,0,2,0
3246,0,1,0,0,0,0,3
3247,0,0,1,2,3,2,0
3248,0,0,4,0,1,2,0
3249,0,1,0,0,2,0,0
3250,0,1,2,0,0,0,0
3251,1,1,0,0,0,4,4
3252,2,1,4,0,3,0,0
3253,3,4,0,0,0,3,0
3254,0,4,0,0,0,0,0
3255,0,1,0,0,0,0,0
3256,0,2,0,0,0,1,1
3257,0,1,0,0,4,0,1
3258,0,1,3,0,4,2,2
3259,0,4,2,1,0,1,0
3260,0,1,0,0,1,0,1
3261,0,1,0,3,0,2,1
3262,0,0,3,4,0,0,0
3263,4,1,3,0,0,0,1
3264,0,1,0,0,0,0,1
3265,0,1,2,0,0,0,0
3266,0,1,0,0,2,4,0
3267,0,1,0,1,0,0,2
3268,0,0,1,3,0,0,0
3269,0,1,1,0,0,0,0
3270,0,0,0,4,1,1,0
3271,0,0,2,0,0,4,3
3272,0,2,2,2,0,0,3
3273,0,1,0,0,2,0,0
3274,0,0,1,3,0,0,0
3275,1,2,1,1,0,0,1
3276,3,3,0,0,0,0,2
3277,0,0,1,3,0,2,0
3278,0,0,1,0,1,3,1
3279,0,1,0,0,0,3,0
3280,0,0,1,0,0,2,0
3281,3,1,0,0,0,0,0
3282,0,2,0,2,2,0,1
3283,0,0,2,0,0,3,0
3284,0,3,0,0,2,0,0
3285,2,1,3,0,0,0,0
3286,0,1,3,0,0,0,0
3287,0,1,1,0,1,0,0
3288,0,2,0,0,2,1,0
3289,1,1,0,0,0,0,0
3290,0,0,1,4,4,0,0
3291,0,3,1,0,0,1,0
3292,0,1,1,0,0,0,4
3293,3,0,1,0,3,1,0
3294,1,0,0,0,0,3,0
3295,4,1,0,3,0,0,0
3296,1,0,0,1,0,0,0
3297,0,0,2,0,0,2,0
3298,0,2,0,0,4,0,0
3299,0,3,4,0,0,1,3
3300,3,0,0,4,0,0,0
3301,0,4,0,0,0,0,0
3302,0,1,0,1,0,0,1
3303,0,2,0,0,0,0,2
3304,0,1,0,0,1,0,1
3305,1,1,0,1,0,0,0
3306,0,0,0,0,0,1,0
3307,0,1,0,1,0,0,2
3308,3,2,0,0,1,4,1
3309,0,1,3,2,0,0,0
3310,3,0,1,3,0,2,0
3311,0,1,0,3,0,4,0
3312,0,0,2,0,0,4,0
3313,0,3,0,1,1,1,1
3314,0,1,0,4,0,1,0
3315,0,1,0,0,2,2,0
3316,0,0,1,0,0,0,0
3317,0,2,2,1,0,1,0
3318,4,0,1,0,0,1,0
3319,1,0,1,0,1,4,0
3320,0,0,1,3,0,0,0
3321,0,0,1,0,2,0,0
3322,4,0,1,2,0,1,0
3323,1,1,0,0,1,0,0
3324,0,0,1,4,1,1,0
3325,0,4,1,0,1,0,0
3326,1,1,0,0,0,1,0
3327,0,1,4,0,0,0,0
3328,0,1,0,2,0,0,1
3329,0,1,2,0,0,0,0
3330,0,2,0,0,0,0,2
3331,4,0,0,0,0,3,0
3332,3,2,0,0,2,3,4
3333,2,0,0,0,4,0,3
3334,0,1,0,0,4,0,4
3335,2,0,4,4,0,0,0
3336,0,0,1,0,0,1,0
3337,0,0,0,1,0,1,0
3338,0,0,1,0,0,0,0
3339,0,0,1,0,1,1,0
3340,2,1,0,0,0,0,0
3341,0,3,1,0,0,0,0
3342,1,0,3,1,0,0,0
3343,0,0,2,0,0,1,0
3344,0,2,0,0,1,0,0
3345,0,1,1,4,1,2,1
3346,0,2,1,1,0,0,0
3347,0,1,0,0,2,1,0
3348,1,2,1,4,2,0,3
3349,2,1,2,0,1,2,1
3350,0,0,0,3,1,0,0
3351,1,1,2,0,0,0,0
3352,3,2,1,2,0,0,0
3353,3,1,0,0,0,3,0
3354,0,1,2,0,0,1,1
3355,0,0,1,4,3,0,0
3356,3,3,2,0,0,0,2
3357,0,1,1,4,1,0,1
3358,0,2,1,0,0,0,0
3359,0,4,0,2,0,3,0
3360,0,1,0,0,0,0,0
3361,0,1,4,0,2,0,0
3362,0,1,0,0,3,0,0
3363,1,0,0,0,1,3,2
3364,0,1,0,0,1,1,1
3365,0,1,0,0,1,0,1
3366,4,0,0,0,2,1,1
3367,3,1,0,0,3,1,0
3368,0,1,0,0,0,1,0
3369,3,0,2,3,0,1,0
3370,1,3,0,0,0,0,0
3371,0,2,0,0,0,1,0
3372,0,1,1,0,2,0,1
3373,4,1,4,0,0,0,0
3374,0,1,0,2,1,2,0
3375,0,0,0,0,2,0,0
3376,0,1,0,0,0,1,0
3377,0,1,3,0,1,1,1
3378,0,1,2,0,0,2,0
3379,2,2,0,0,1,3,4
3380,0,1,0,0,0,0,0
3381,2,0,4,0,1,1,0
3382,0,0,1,0,2,1,0
3383,0,1,0,0,1,0,1
3384,0,1,0,1,3,0,0
3385,0,3,0,0,1,0,1
3386,3,4,1,0,3,0,1
3387,0,1,0,0,0,3,0
3388,0,1,0,0,0,4,1
3389,0,4,1,0,0,1,0
3390,0,1,0,0,3,1,0
3391,0,0,0,0,0,3,4
3392,0,1,0,0,0,0,0
3393,0,1,0,0,2,3,0
3394,3,1,0,3,0,4,4
3395,0,2,0,0,4,0,0
3396,1,1,1,0,1,1,0
3397,0,3,2,0,1,1,0
3398,0,2,1,4,0,0,0
3399,0,0,3,0,0,0,0
3400,0,1,0,2,0,2,2
3401,0,0,0,0,0,1,0
3402,0,1,1,0,0,0,0
3403,0,0,1,0,0,0,3
3404,0,1,0,0,0,0,1
3405,0,4,0,0,0,0,0
3406,0,1,0,4,0,2,0
3407,2,0,0,0,1,0,1
3408,0,2,1,0,0,1,0
3409,0,2,0,0,0,0,0
3410,0,1,4,0,0,0,2
3411,0,0,2,3,3,1,0
3412,0,0,0,0,1,1,1
3413,1,1,0,2,0,0,0
3414,0,1,0,0,0,0,2
3415,1,1,3,0,0,3,0
3416,0,2,0,0,0,2,0
3417,0,2,0,1,1,0,0
3418,0,2,3,0,1,0,1
3419,0,1,0,0,0,0,0
3420,0,1,0,0,0,0,0
3421,0,1,0,0,0,0,2
3422,0,2,1,0,0,0,1
3423,0,2,1,0,0,0,0
3424,0,0,1,0,0,1,0
3425,2,1,3,0,0,2,0
3426,0,3,2,0,1,0,1
3427,1,2,0,1,0,3,0
3428,0,0,1,1,0,4,0
3429,4,0,1,0,0,1,0
3430,0,0,3,0,0,1,3
3431,0,1,0,0,1,0,1
3432,4,3,0,0,0,1,1
3433,0,2,4,0,1,0,0
3434,2,0,0,0,0,1,0
3435,0,0,1,0,0,0,0
3436,0,1,0,0,4,0,0
3437,3,1,0,0,2,1,0
3438,0,1,0,0,0,3,0
3439,0,0,2,0,2,4,0
3440,0,1,1,0,0,3,4
3441,0,1,2,0,0,1,1
3442,0,0,4,3,0,0,0
3443,0,4,0,1,1,1,1
3444,0,1,0,2,0,3,0
3445,3,0,0,0,3,1,4
3446,3,1,0,4,0,0,0
3447,0,0,1,0,0,2,0
3448,0,0,1,0,1,0,1
3449,0,0,0,0,0,0,3
3450,0,2,0,1,0,0,0
3451,0,2,0,0,0,1,0
3452,0,3,1,0,0,0,3
3453,0,2,0,0,1,0,0
3454,4,1,0,3,0,0,1
3455,0,3,0,0,0,0,0
3456,0,1,2,0,1,1,0
3457,1,2,1,0,0,0,0
3458,0,0,1,0,2,1,2
3459,0,1,0,0,4,0,0
3460,3,0,4,0,0,2,0
3461,0,1,0,3,0,0,0
3462,0,1,0,0,0,0,0
3463,3,1,0,0,0,0,0
3464,0,0,1,0,3,4,4
3465,3,0,4,0,1,1,0
3466,2,2,0,4,0,0,3
3467,1,1,0,4,2,1,0
3468,0,3,1,0,4,1,1
3469,1,1,0,0,0,0,0
3470,4,1,0,3,0,0,0
3471,0,1,0,3,0,0,0
3472,3,0,1,0,0,1,0
3473,0,1,1,1,0,1,0
3474,0,0,2,2,0,1,1
3475,0,2,0,0,0,0,0
3476,2,3,0,0,0,4,0
3477,0,3,0,4,1,1,4
3478,0,0,2,0,0,1,2
3479,0,1,0,0,1,0,1
3480,0,0,1,0,0,1,3
3481,0,3,2,0,0,3,0
3482,0,0,0,0,4,3,0
3483,0,2,2,4,0,1,3
3484,0,1,0,0,0,0,0
3485,0,1,0,0,0,0,0
3486,2,4,3,0,0,0,0
3487,0,1,0,0,0,4,4
3488,1,0,1,0,0,0,0
3489,0,3,0,0,0,0,1
3490,0,1,0,0,0,1,0
3491,0,4,0,4,0,1,0
3492,0,0,1,0,0,0,0
3493,0,2,0,0,1,0,0
3494,0,3,0,0,0,0,0
3495,4,2,1,1,0,1,0
3496,0,0,1,0,1,3,0
3497,0,0,2,0,3,0,0
3498,0,0,0,0,2,0,0
3499,0,1,2,0,0,0,1
3500,4,3,3,0,0,0,0
3501,0,0,0,4,1,0,3
3502,1,1,1,4,0,0,0
3503,0,0,3,0,4,1,0
3504,0,1,2,0,0,0,4
3505,2,2,2,0,0,0,0
3506,0,0,1,0,0,0,0
3507,0,1,3,2,1,0,0
3508,0,0,1,0,3,0,0
3509,0,0,2,1,1,1,1
3510,4,0,0,0,0,2,0
3511,0,0,1,0,0,0,0
3512,4,3,0,0,0,1,0
3513,0,0,0,3,2,0,4
3514,0,3,0,0,0,0,0
3515,0,1,3,1,4,1,0
3516,4,1,0,0,0,1,0
3517,0,2,1,0,1,1,0
3518,0,0,1,0,0,1,0
3519,0,2,1,0,1,1,1
3520,0,4,0,0,2,1,1
3521,0,0,0,0,0,2,3
3522,0,0,0,0,3,0,2
3523,0,1,0,0,0,0,0
3524,0,1,0,0,1,0,1
3525,0,0,1,0,0,3,0
3526,0,3,0,1,4,0,0
3527,0,1,0,0,0,0,0
3528,1,1,0,0,0,1,0
3529,0,0,2,0,0,0,3
3530,0,1,4,0,0,0,0
3531,0,1,3,1,1,0,1
3532,0,2,0,0,0,0,3
3533,3,1,1,0,0,4,0
3534,0,4,0,1,2,0,0
3535,0,1,0,2,0,2,0
3536,0,0,0,0,0,1,0
3537,0,1,0,0,0,3,0
3538,0,2,0,0,1,0,1
3539,0,0,3,0,2,1,0
3540,0,0,4,0,1,1,0
3541,0,1,2,0,0,0,0
3542,0,1,2,0,1,1,0
3543,3,1,1,1,0,0,0
3544,0,1,0,0,0,0,3
3545,4,3,0,2,1,2,2
3546,0,3,0,0,0,0,0
3547,0,0,1,2,1,1,0
3548,3,3,2,0,1,1,0
3549,0,0,0,0,0,0,0
3550,0,1,4,0,0,1,0
3551,0,1,0,0,3,1,0
3552,4,0,1,0,0,1,0
3553,0,1,0,0,4,0,0
3554,0,3,0,2,1,1,0
3555,0,1,2,0,0,0,0
3556,0,1,4,0,0,0,0
3557,0,0,3,0,0,0,0
3558,0,2,3,3,3,4,0
3559,0,1,0,1,0,0,4
3560,0,1,0,0,0,2,0
3561,3,0,0,0,4,0,0
3562,0,1,0,1,2,0,0
3563,1,1,1,0,0,0,0
3564,0,1,0,0,0,0,0
3565,0,3,4,0,0,0,0
3566,0,0,4,0,0,0,0
3567,0,0,0,0,0,0,0
3568,0,1,3,3,1,0,1
3569,0,2,1,0,0,4,2
3570,2,1,0,0,0,0,0
3571,0,4,0,2,4,1,2
3572,0,0,0,3,0,0,0
3573,0,4,0,3,1,3,0
3574,0,2,0,0,0,0,0
3575,0,1,0,0,2,0,0
3576,0,0,2,4,0,0,0
3577,0,2,1,0,0,0,0
3578,0,2,0,0,0,1,0
3579,0,1,0,3,0,0,0
3580,0,1,0,0,1,0,0
3581,0,1,1,2,0,0,0
3582,0,1,1,0,0,0,0
3583,0,4,4,0,2,0,3
3584,2,2,0,1,0,0,0
3585,0,1,2,0,4,0,0
3586,0,1,2,2,0,1,0
3587,0,1,0,0,3,4,0
3588,0,1,2,1,0,0,0
3589,0,1,0,0,0,0,0
3590,3,1,3,4,3,0,0
3591,0,0,0,0,0,4,0
3592,4,2,0,1,0,0,0
3593,0,1,0,0,0,0,0
3594,0,0,0,0,1,2,0
3595,0,3,0,4,0,1,0
3596,2,0,0,0,0,1,0
3597,0,1,0,1,0,0,0
3598,4,4,4,0,0,4,0
3599,0,1,0,0,0,1,1
3600,0,1,2,1,1,0,0
3601,0,2,1,0,4,1,0
3602,3,1,0,0,0,0,0
3603,0,1,0,0,0,1,0
3604,0,0,1,4,0,1,0
3605,0,2,0,2,1,1,1
3606,0,0,1,0,0,1,4
3607,0,0,3,3,0,2,0
3608,0,1,0,0,0,0,1
3609,0,0,1,0,0,4,0
3610,0,1,2,4,0,0,0
3611,0,3,0,0,0,2,0
3612,0,1,0,0,3,0,0
3613,3,0,1,0,3,1,4
3614,0,0,2,0,1,0,1
3615,0,1,3,0,1,2,0
3616,0,2,0,0,0,1,0
3617,0,1,0,4,2,2,0
3618,0,2,0,0,0,0,0
3619,0,2,1,1,4,1,0
3620,0,1,0,0,3,0,0
3621,0,1,0,0,0,0,2
3622,4,1,0,1,0,3,0
3623,0,0,0,1,0,3,4
3624,3,3,4,0,0,3,4
3625,0,2,3,0,1,0,1
3626,0,1,0,0,0,0,2
3627,0,0,1,0,3,1,0
3628,0,2,0,3,0,2,0
3629,0,3,0,0,0,2,0
3630,0,1,1,0,0,0,0
3631,0,0,0,0,2,0,0
3632,0,0,0,0,0,0,0
3633,3,0,1,0,2,1,0
3634,1,1,0,0,0,0,4
3635,3,0,0,0,2,2,0
3636,0,1,1,0,0,0,0
3637,0,0,2,0,2,0,3
3638,0,1,1,0,0,1,2
3639,0,1,0,1,1,0,1
3640,4,0,0,0,0,1,0
3641,0,0,0,1,1,2,2
3642,1,1,0,0,0,4,0
3643,0,1,0,0,1,0,0
3644,2,0,0,0,1,1,3
3645,0,1,0,0,0,0,0
3646,1,0,0,0,4,4,0
3647,0,1,0,1,0,0,0
3648,0,1,1,0,0,0,2
3649,0,3,0,2,0,0,0
3650,0,1,1,0,1,4,2
3651,0,0,1,0,1,4,0
3652,0,0,0,0,0,3,0
3653,0,1,0,2,1,0,0
3654,0,1,0,0,1,0,0
3655,4,3,3,0,0,1,0
3656,1,1,0,0,0,1,0
3657,0,0,1,0,3,2,0
3658,0,0,1,0,1,2,4
3659,0,1,0,0,0,0,0
3660,1,0,2,2,0,1,0
3661,0,0,0,0,0,0,1
3662,0,0,3,3,2,1,0
3663,0,3,2,0,0,1,0
3664,0,1,0,0,0,0,0
3665,0,4,1,0,0,0,0
3666,0,1,1,0,0,0,0
3667,0,0,1,0,0,2,4
3668,0,1,2,0,0,2,0
3669,0,1,0,3,4,0,0
3670,1,2,1,0,0,2,0
3671,0,4,0,0,2,1,0
3672,0,1,3,0,0,3,0
3673,0,1,0,0,0,2,0
3674,0,0,2,0,0,1,1
3675,0,1,1,1,0,0,0
3676,0,1,1,1,0,0,0
3677,0,1,2,0,0,0,0
3678,0,1,1,0,0,0,3
3679,0,2,0,0,1,1,1
3680,0,1,0,0,1,1,1
3681,0,2,1,0,3,0,3
3682,0,1,0,0,0,0,0
3683,0,2,0,0,0,1,2
3684,0,0,1,0,2,1,0
3685,0,0,0,0,1,1,0
3686,4,2,0,2,0,4,0
3687,0,1,0,2,0,0,2
3688,0,2,0,1,0,0,1
3689,0,1,0,2,0,2,0
3690,0,0,0,3,0,1,0
3691,0,4,1,0,2,4,4
3692,0,2,0,0,0,0,3
3693,0,1,0,0,4,0,0
3694,0,1,2,0,0,0,0
3695,0,0,2,1,1,1,0
3696,0,1,3,0,1,1,0
3697,0,3,0,0,0,0,2
3698,0,1,4,3,1,0,0
3699,0,0,1,0,0,1,1
3700,0,0,2,0,0,0,2
3701,4,0,1,1,1,1,0
3702,0,1,0,0,0,2,3
3703,0,0,0,0,1,0,0
3704,0,4,0,2,2,1,0
3705,0,0,2,0,1,1,0
3706,0,1,0,0,0,1,0
3707,0,3,2,0,0,1,0
3708,3,2,0,0,0,0,0
3709,2,1,0,0,0,1,2
3710,0,2,1,1,0,0,0
3711,0,2,0,0,0,1,1
3712,3,3,1,0,1,0,0
3713,0,2,3,0,0,0,1
3714,1,0,1,0,0,1,4
3715,0,0,1,0,0,2,0
3716,0,3,1,0,1,0,0
3717,0,3,2,1,0,1,0
3718,0,0,1,1,0,1,1
3719,0,0,3,0,0,3,0
3720,0,0,0,0,0,0,4
3721,0,1,0,0,4,0,1
3722,0,1,0,3,0,0,3
3723,1,1,4,0,0,0,0
3724,1,2,0,0,0,0,0
3725,0,2,2,1,0,4,0
3726,0,1,0,0,0,2,0
3727,3,1,0,2,2,1,3
3728,0,0,0,4,1,2,0
3729,0,0,0,0,0,1,0
3730,2,1,0,0,0,0,1
3731,0,0,0,0,0,0,0
3732,0,1,3,0,0,0,0
3733,0,1,0,0,2,0,0
3734,1,1,0,0,0,0,0
3735,2,0,2,0,0,0,0
3736,0,2,0,0,0,0,0
3737,0,2,1,0,4,0,0
3738,0,0,0,0,0,0,3
3739,0,2,0,0,4,1,0
3740,0,1,0,0,0,0,1
3741,0,0,3,0,4,1,0
3742,3,1,3,0,0,0,0
3743,0,4,4,0,4,0,0
3744,2,0,0,0,3,0,0
3745,0,1,0,0,1,3,0
3746,2,3,0,0,0,3,0
3747,0,1,1,1,2,0,1
3748,0,1,1,0,0,1,0
3749,0,2,4,2,1,3,1
3750,0,2,0,0,0,1,0
3751,0,3,1,0,0,2,0
3752,0,1,1,0,0,0,1
3753,4,2,1,0,2,1,0
3754,0,0,1,0,0,1,0
3755,0,1,0,4,0,0,3
3756,0,4,4,4,0,1,0
3757,0,0,1,1,1,0,0
3758,1,1,0,0,0,0,1
3759,0,1,1,0,1,1,1
3760,4,1,0,0,1,1,0
3761,0,1,1,0,0,1,0
3762,0,3,1,1,1,0,0
3763,1,1,0,0,0,1,0
3764,0,1,0,0,0,0,0
3765,0,0,0,0,0,0,0
3766,0,4,1,0,3,4,0
3767,0,0,1,0,1,0,4
3768,2,2,4,0,0,0,0
3769,0,0,0,1,0,0,0
3770,0,0,3,0,4,1,3
3771,0,4,4,4,0,1,2
3772,0,2,1,0,1,0,4
3773,0,1,4,2,0,0,0
3774,1,1,0,1,3,0,1
3775,0,2,0,0,0,0,0
3776,0,2,1,0,0,1,0
3777,0,1,0,0,1,1,0
3778,0,0,0,4,4,0,0
3779,0,0,1,0,0,4,0
3780,0,0,0,1,0,0,1
3781,0,0,0,0,4,2,1
3782,0,2,0,0,1,1,1
3783,0,0,4,0,0,0,0
3784,1,2,1,0,0,0,0
3785,0,0,2,3,0,1,0
3786,1,0,1,0,0,1,0
3787,4,0,3,0,1,4,0
3788,0,0,1,0,4,1,0
3789,0,0,4,1,0,0,1
3790,4,0,2,0,0,0,0
3791,2,1,0,0,0,0,0
3792,0,2,0,0,2,4,0
3793,2,0,1,1,0,0,0
3794,0,2,0,0,0,1,0
3795,0,1,0,0,0,1,0
3796,0,2,0,0,0,2,0
3797,0,1,0,0,2,1,2
3798,0,1,2,0,0,0,0
3799,3,4,1,1,1,1,0
3800,4,0,0,2,2,0,0
3801,4,1,4,0,0,0,0
3802,0,0,1,0,0,1,2
3803,0,0,0,0,0,0,0
3804,0,2,0,4,0,0,4
3805,0,1,0,0,4,0,0
3806,0,1,1,0,0,0,0
3807,0,1,0,3,3,0,3
3808,0,1,0,1,2,0,0
3809,0,1,4,0,2,1,0
3810,0,0,2,4,0,3,0
3811,0,4,0,0,0,0,1
3812,4,1,0,0,0,0,0
3813,3,0,1,0,0,2,0
3814,3,0,2,0,0,0,0
3815,4,1,0,0,0,0,0
3816,0,1,2,0,1,0,0
3817,0,1,0,2,2,1,0
3818,0,1,0,0,0,0,0
3819,0,1,0,0,0,1,0
3820,2,0,1,0,0,1,0
3821,1,1,4,0,0,0,0
3822,0,1,0,0,0,3,2
3823,0,1,1,0,0,1,0
3824,0,4,0,1,4,1,0
3825,0,0,0,0,0,1,0
3826,0,0,0,0,0,0,0
3827,0,1,3,0,0,0,0
3828,2,1,0,0,0,0,4
3829,0,1,0,4,1,1,0
3830,0,1,0,0,1,1,1
3831,0,2,0,3,0,0,3
3832,0,4,4,3,3,4,0
3833,4,3,0,0,0,1,0
3834,0,0,4,1,4,1,0
3835,0,0,4,0,0,4,0
3836,0,1,0,0,0,2,0
3837,0,0,0,0,0,0,0
3838,0,0,1,4,0,1,0
3839,0,2,1,0,0,0,1
3840,0,4,0,0,0,0,0
3841,0,1,0,3,0,1,0
3842,0,1,1,0,0,0,0
3843,0,0,4,2,0,2,0
3844,2,1,0,0,0,0,2
3845,0,1,0,0,0,1,1
3846,0,0,0,0,3,1,0
3847,1,0,0,0,0,0,0
3848,0,1,0,0,1,3,1
3849,3,0,0,0,0,0,1
3850,0,0,0,0,0,0,0
3851,3,2,0,0,3,0,0
3852,0,1,0,1,0,1,0
3853,0,0,2,0,0,3,0
3854,0,1,0,1,0,0,4
3855,0,0,0,3,0,1,3
3856,0,4,4,1,0,2,0
3857,0,2,0,0,1,0,0
3858,1,1,1,0,1,1,1
3859,0,2,0,0,0,0,4
3860,0,0,0,4,0,0,3
3861,0,0,0,0,1,0,0
3862,0,1,0,1,1,0,0
3863,0,1,0,0,0,1,0
3864,0,1,0,0,4,0,2
3865,0,2,1,0,4,1,0
3866,0,2,0,0,0,1,1
3867,1,1,3,0,1,0,0
3868,0,0,2,0,0,3,0
3869,0,0,1,0,0,4,2
3870,0,0,1,4,1,1,0
3871,1,1,0,1,0,0,0
3872,0,1,1,0,0,0,0
3873,1,1,0,1,0,0,0
3874,0,1,0,0,1,3,1
3875,0,1,0,0,0,0,0
3876,0,0,3,0,0,1,0
3877,0,1,0,3,0,0,0
3878,1,0,1,0,1,2,3
3879,0,1,3,0,0,1,0
3880,0,1,0,3,0,1,4
3881,1,0,0,2,3,4,0
3882,0,2,0,0,0,3,2
3883,2,1,0,0,0,3,0
3884,0,0,3,0,0,0,0
3885,0,0,0,3,0,1,2
3886,0,2,1,4,0,1,0
3887,0,1,0,0,0,0,0
3888,0,1,0,0,1,0,1
3889,0,0,0,0,0,1,0
3890,0,0,0,0,0,1,3
3891,0,1,2,0,3,3,1
3892,0,1,0,0,0,0,2
3893,1,1,3,0,1,1,0
3894,0,1,1,3,4,0,0
3895,0,1,0,0,0,0,0
3896,0,1,2,0,1,1,0
3897,4,1,0,0,2,3,0
3898,0,0,0,0,3,1,1
3899,2,3,3,0,0,0,0
3900,2,1,0,4,0,0,0
3901,0,0,1,4,0,0,0
3902,0,1,0,0,0,0,0
3903,0,0,1,0,0,1,0
3904,0,1,0,0,0,0,0
3905,0,1,3,3,0,1,0
3906,0,0,0,0,2,1,2
3907,0,2,2,0,0,0,1
3908,2,1,3,0,1,2,0
3909,3,2,0,1,0,0,0
3910,0,1,0,0,0,3,0
3911,2,0,0,0,0,0,0
3912,0,1,0,1,1,1,1
3913,3,3,0,1,0,0,0
3914,0,1,0,0,0,0,0
3915,0,1,0,0,4,0,0
3916,0,2,0,0,4,0,1
3917,4,1,0,0,0,0,0
3918,0,1,0,0,2,0,0
3919,1,1,0,1,1,1,0
3920,0,1,0,0,0,0,2
3921,0,1,0,0,0,1,0
3922,0,0,0,0,0,1,2
3923,3,2,0,2,0,0,2
3924,4,1,1,0,0,1,0
3925,0,0,4,0,1,1,0
3926,0,0,2,0,1,2,0
3927,0,2,0,0,0,2,0
3928,0,1,2,0,0,0,0
3929,1,1,1,0,0,3,0
3930,0,0,0,0,4,1,0
3931,3,1,0,0,0,0,4
3932,0,1,1,0,0,0,0
3933,0,0,0,0,1,0,0
3934,2,3,0,0,0,0,0
3935,0,3,4,0,0,1,0
3936,3,1,1,0,1,3,1
3937,4,4,0,3,1,1,1
3938,0,2,1,2,1,1,2
3939,0,0,1,0,1,1,0
3940,3,1,0,4,4,1,0
3941,0,0,1,0,3,1,4
3942,1,1,0,1,4,2,0
3943,0,1,0,4,0,0,0
3944,0,1,0,0,0,0,0
3945,0,0,1,0,0,2,0
3946,0,1,0,2,0,1,0
3947,0,3,4,0,0,0,2
3948,0,1,3,4,0,1,2
3949,0,0,0,0,0,0,1
3950,0,0,0,0,0,0,0
3951,4,4,0,0,0,0,3
3952,0,4,0,1,0,0,0
3953,0,1,0,0,4,0,0
3954,0,2,0,2,0,4,0
3955,0,0,2,0,1,1,0
3956,0,0,1,2,2,1,0
3957,0,2,0,0,3,0,4
3958,0,1,1,0,0,1,0
3959,0,0,0,0,0,0,0
3960,4,0,0,0,0,1,0
3961,0,0,1,4,3,0,0
3962,1,1,0,0,1,0,1
3963,2,4,0,1,0,1,0
3964,0,0,0,1,0,0,0
3965,1,0,0,0,0,4,1
3966,0,2,0,1,0,1,0
3967,4,4,0,3,0,0,0
3968,0,2,0,0,0,4,1
3969,0,0,1,2,1,1,0
3970,0,2,1,1,0,0,0
3971,0,1,0,0,0,3,0
3972,0,0,0,0,0,1,0
3973,0,0,0,0,0,1,0
3974,0,0,0,4,4,0,0
3975,0,4,3,4,0,0,0
3976,0,0,2,0,3,1,0
3977,3,2,2,0,0,1,0
3978,0,2,1,0,0,1,0
3979,0,0,0,0,0,4,0
3980,0,1,0,0,0,0,0
3981,0,2,1,0,4,0,0
3982,0,2,1,0,1,0,0
3983,0,1,0,4,0,0,0
3984,0,4,0,0,0,2,0
3985,0,0,0,2,1,0,1
3986,1,0,0,1,0,0,0
3987,0,1,0,0,1,0,1
3988,0,1,0,0,0,0,2
3989,0,0,1,0,3,1,0
3990,3,0,1,0,0,1,0
3991,1,0,1,0,0,0,4
3992,0,0,4,0,4,2,0
3993,0,1,0,0,1,0,1
3994,2,0,0,1,4,1,1
3995,3,2,1,0,0,4,0
3996,0,1,1,0,1,1,0
3997,4,1,0,0,0,0,0
3998,0,1,0,1,3,0,0
3999,0,1,0,0,0,0,0
4000,0,0,0,0,0,0,0
4001,0,1,0,0,0,1,0
4002,0,1,2,2,0,0,0
4003,1,0,0,1,0,1,0
4004,0,0,1,1,2,0,0
4005,0,0,0,4,1,4,0
4006,0,2,0,4,0,0,2
4007,3,1,0,0,0,0,0
4008,0,1,0,0,0,2,0
4009,0,1,0,0,0,0,1
4010,0,2,1,0,1,1,0
4011,0,1,0,2,4,0,1
4012,1,0,3,0,0,1,3
4013,1,0,0,0,0,1,0
4014,0,1,2,4,0,0,4
4015,0,1,1,3,0,0,0
4016,0,1,0,1,0,0,0
4017,0,1,0,0,0,0,0
4018,0,0,4,0,0,1,0
4019,0,1,2,3,1,1,0
4020,3,1,0,0,0,0,0
4021,0,1,4,1,0,3,3
4022,0,1,3,0,0,0,0
4023,0,0,1,0,0,0,0
4024,0,2,0,4,4,1,0
4025,0,1,0,0,0,1,0
4026,1,1,0,0,0,0,0
4027,0,1,0,0,4,1,0
4028,2,1,0,0,0,0,0
4029,0,0,0,0,1,1,0
4030,0,1,2,0,2,1,0
4031,0,2,0,0,3,3,0
4032,0,1,1,0,0,0,0
4033,0,1,1,0,1,1,0
4034,4,2,4,2,1,2,0
4035,0,2,1,0,0,2,0
4036,0,0,1,3,0,0,0
4037,0,1,0,4,0,2,0
4038,2,3,0,3,0,1,0
4039,0,1,0,0,1,4,0
4040,0,4,0,0,1,0,1
4041,0,0,1,0,0,3,0
4042,0,0,0,0,0,0,0
4043,3,1,1,0,0,0,0
4044,0,0,0,0,0,1,0
4045,2,4,3,0,1,0,0
4046,3,2,0,0,0,4,0
4047,0,2,0,0,0,1,0
4048,0,1,0,0,4,2,0
4049,0,1,0,0,2,0,0
4050,0,1,1,1,1,0,1
4051,0,0,1,4,1,2,0
4052,0,4,0,0,3,2,3
4053,0,1,1,1,1,0,3
4054,2,1,1,0,0,0,3
4055,0,1,0,0,1,4,1
4056,0,2,2,3,0,0,0
4057,0,2,0,0,0,0,3
4058,0,1,0,4,4,0,0
4059,0,4,0,2,3,0,0
4060,0,0,1,1,3,2,0
4061,0,1,4,0,0,0,0
4062,0,2,0,1,3,3,0
4063,1,1,1,0,1,0,1
4064,4,2,2,0,0,2,0
4065,0,1,0,0,0,0,0
4066,0,1,0,0,0,0,1
4067,0,2,0,0,1,0,2
4068,0,2,0,0,3,1,0
4069,0,0,0,0,0,0,0
4070,0,0,1,0,1,0,3
4071,0,4,0,3,0,0,4
4072,4,1,0,0,0,1,0
4073,0,0,2,0,0,1,0
4074,3,1,2,0,4,0,0
4075,0,0,0,0,1,1,0
4076,0,2,1,0,1,3,0
4077,0,1,0,0,0,0,0
4078,1,4,1,0,0,1,0
4079,0,3,1,4,0,0,0
4080,0,4,0,1,4,3,0
4081,1,1,0,1,2,0,0
4082,0,0,0,0,3,3,0
4083,0,0,0,2,0,0,0
4084,0,2,0,4,0,1,0
4085,0,1,0,0,0,1,0
4086,4,2,4,0,0,1,0
4087,2,1,1,0,0,1,0
4088,0,1,4,0,2,0,0
4089,0,3,1,0,0,1,0
4090,1,0,2,0,0,2,0
4091,3,1,2,0,1,4,1
4092,0,4,1,0,0,1,3
4093,1,1,1,0,0,4,0
4094,0,2,1,0,1,2,3
4095,3,1,0,0,0,0,0
4096,0,0,0,3,0,0,4
4097,0,1,0,0,0,4,0
4098,0,0,0,1,1,1,1
4099,1,1,0,3,0,0,0
4100,0,0,0,0,0,0,0
4101,0,0,0,0,1,1,0
4102,0,1,1,0,0,0,1
4103,0,0,1,2,0,1,0
4104,2,0,0,4,0,0,2
4105,0,1,0,1,3,0,0
4106,0,1,4,0,4,0,1
4107,0,4,0,0,0,4,0
4108,0,1,2,0,1,0,1
4109,0,1,2,3,0,2,1
4110,4,0,1,0,0,1,0
4111,0,0,2,0,0,0,0
4112,1,0,0,0,0,1,0
4113,0,0,1,0,0,1,0
4114,2,2,1,0,1,0,2
4115,0,0,1,2,0,1,0
4116,0,0,0,0,0,0,2
4117,0,1,0,1,0,0,0
4118,0,2,0,4,0,0,4
4119,0,1,0,0,1,3,0
4120,2,0,2,4,0,1,0
4121,0,1,4,0,1,0,0
4122,3,0,2,0,0,2,0
4123,0,1,0,1,2,4,4
4124,0,0,0,0,3,2,0
4125,0,2,2,0,0,1,0
4126,0,1,1,0,0,1,2
4127,0,1,3,0,0,4,1
4128,0,1,0,0,0,2,0
4129,0,1,0,0,0,1,0
4130,0,1,1,3,1,1,0
4131,0,1,0,0,0,1,0
4132,0,1,0,4,1,0,1
4133,0,0,3,0,4,0,0
4134,0,0,1,0,0,3,0
4135,0,0,0,3,0,0,0
4136,3,1,0,1,1,0,0
4137,0,1,0,0,4,0,0
4138,1,2,0,0,4,3,0
4139,0,1,2,3,0,2,3
4140,0,3,0,4,0,0,0
4141,2,0,1,2,1,1,1
4142,0,1,1,2,0,1,0
4143,0,1,3,0,1,1,1
4144,0,0,0,0,0,1,0
4145,0,1,0,1,0,0,0
4146,2,0,1,3,0,0,0
4147,2,1,3,0,0,0,0
4148,0,1,3,2,1,0,1
4149,0,2,0,0,0,1,0
4150,0,3,3,0,0,2,4
4151,0,1,0,0,0,4,0
4152,1,1,0,0,0,4,0
4153,0,1,0,0,1,0,0
4154,0,0,0,0,0,0,1
4155,0,1,1,0,0,0,0
4156,0,2,0,0,0,0,0
4157,0,0,1,0,4,4,0
4158,0,2,1,0,0,1,3
4159,0,2,0,0,1,3,1
4160,0,1,1,0,0,1,0
4161,0,0,1,0,0,1,0
4162,2,1,0,0,0,0,0
4163,0,1,0,1,1,0,3
4164,0,1,0,4,0,2,0
4165,0,2,0,0,0,0,0
4166,0,1,0,4,4,0,0
4167,0,0,1,0,1,1,3
4168,0,2,0,4,0,0,0
4169,0,2,1,0,0,1,0
4170,4,0,2,0,0,0,0
4171,0,1,0,0,0,3,2
4172,0,2,2,4,0,0,0
4173,1,1,0,0,0,4,0
4174,0,3,0,2,1,1,3
4175,0,3,4,0,0,0,0
4176,0,1,0,0,0,3,0
4177,0,1,1,1,0,0,0
4178,0,1,0,1,1,0,1
4179,0,2,0,0,1,0,0
4180,2,3,3,0,1,2,0
4181,0,1,0,0,1,0,1
4182,0,1,0,0,0,0,0
4183,0,0,0,0,0,2,0
4184,0,3,0,1,0,1,0
4185,1,2,1,0,1,0,0
4186,0,1,4,0,0,1,0
4187,0,0,0,0,0,3,0
4188,0,2,0,0,0,0,0
4189,0,0,2,0,1,0,0
4190,0,2,1,0,0,0,0
4191,0,1,0,0,0,3,0
4192,0,0,0,1,2,2,0
4193,0,1,0,0,0,0,0
4194,0,1,1,0,0,1,4
4195,0,4,1,2,0,1,0
4196,0,0,3,0,0,3,0
4197,0,0,2,0,4,0,0
4198,0,2,0,0,1,3,4
4199,0,1,0,0,0,0,0
4200,0,0,0,0,2,4,2
4201,0,1,0,0,0,1,0
4202,0,0,0,0,0,0,0
4203,2,3,0,0,0,0,2
4204,4,1,3,0,0,0,0
4205,0,2,4,0,0,0,1
4206,1,0,2,0,0,0,2
4207,4,2,0,0,1,0,1
4208,0,1,0,0,0,0,0
4209,0,2,0,3,0,0,0
4210,0,1,0,0,1,0,2
4211,0,1,0,0,0,0,0
4212,0,1,0,0,0,0,0
4213,3,1,0,3,0,0,1
4214,0,2,0,0,0,0,3
4215,0,4,1,0,0,0,0
4216,0,0,0,0,0,2,1
4217,0,0,1,2,3,0,0
4218,0,0,0,0,0,1,3
4219,0,1,0,0,0,0,0
4220,0,1,0,0,3,0,1
4221,4,0,1,0,0,1,0
4222,0,1,0,2,0,0,4
4223,0,0,0,0,2,0,2
4224,0,1,0,0,0,0,0
4225,0,1,0,2,0,0,0
4226,0,0,3,0,2,3,0
4227,0,0,0,0,1,1,2
4228,0,1,1,0,0,0,0
4229,0,0,0,0,0,2,0
4230,0,0,0,0,4,0,0
4231,0,1,0,0,0,1,0
4232,0,1,0,2,2,0,0
4233,0,1,4,0,0,0,0
4234,0,1,2,3,1,0,0
4235,1,0,3,0,0,3,3
4236,0,1,2,0,0,1,0
4237,0,0,1,0,1,1,0
4238,0,0,1,0,0,1,0
4239,0,1,0,0,1,0,1
4240,0,1,0,1,0,0,0
4241,0,1,0,0,1,0,0
4242,0,0,1,0,0,0,0
4243,0,1,2,0,0,0,0
4244,0,1,0,0,0,0,1
4245,0,0,0,0,2,3,0
4246,0,1,0,0,0,0,4
4247,0,0,0,0,0,1,0
4248,3,1,2,0,0,0,2
4249,4,1,1,0,0,3,0
4250,4,1,2,2,0,4,0
4251,2,1,0,1,0,0,0
4252,0,1,0,0,0,0,0
4253,0,1,0,0,0,0,3
4254,0,0,0,0,0,1,0
4255,0,0,1,0,0,0,4
4256,0,2,0,0,0,0,4
4257,1,4,0,3,1,0,1
4258,1,1,0,0,1,4,0
4259,0,1,0,0,0,0,0
4260,0,1,1,0,3,1,0
4261,0,4,2,1,0,0,3
4262,4,2,0,4,1,0,1
4263,3,0,0,0,0,0,0
4264,0,1,3,0,0,0,0
4265,0,1,0,0,0,0,0
4266,0,0,1,0,0,4,0
4267,0,2,1,1,4,1,1
4268,0,0,2,0,0,2,0
4269,0,2,0,0,2,0,0
4270,3,1,0,0,4,0,4
4271,0,0,1,2,2,1,0
4272,0,0,4,0,0,1,0
4273,0,0,1,1,0,4,0
4274,3,4,0,3,0,1,0
4275,0,0,3,0,0,4,3
4276,0,0,2,3,0,0,4
4277,0,2,0,4,0,1,0
4278,0,2,0,1,2,0,0
4279,4,1,0,0,4,0,4
4280,3,1,3,0,1,1,2
4281,0,1,0,0,4,0,0
4282,0,1,3,0,1,0,0
4283,0,1,0,0,1,1,1
4284,4,1,3,0,0,0,0
4285,0,0,3,2,0,0,4
4286,4,1,3,1,0,0,0
4287,0,4,0,0,0,0,0
4288,2,0,1,0,0,1,3
4289,0,1,0,1,0,1,0
4290,1,2,2,0,3,4,0
4291,0,2,0,2,0,1,2
4292,4,0,1,0,0,0,0
4293,0,2,0,0,0,0,0
4294,0,1,0,0,0,1,0
4295,0,2,0,1,0,1,0
4296,0,0,0,0,0,1,3
4297,0,0,1,3,0,4,0
4298,0,2,0,0,0,1,1
4299,0,1,0,0,0,0,0
4300,0,1,1,1,2,0,0
4301,0,0,0,0,0,1,0
4302,0,0,2,0,3,0,0
4303,0,1,0,0,0,0,0
4304,0,1,0,0,0,0,0
4305,0,2,0,1,2,0,3
4306,1,1,1,3,0,4,0
4307,0,1,0,0,0,0,4
4308,0,1,4,3,0,0,1
4309,1,0,3,0,0,3,4
4310,0,1,0,4,0,0,0
4311,2,0,1,0,0,1,0
4312,0,0,4,0,0,0,0
4313,1,1,0,2,0,0,0
4314,0,0,0,3,4,0,2
4315,3,1,1,0,0,2,0
4316,0,0,0,0,0,3,0
4317,2,1,2,0,0,1,0
4318,0,2,0,0,0,1,0
4319,1,1,3,0,0,0,2
4320,0,0,1,0,0,1,0
4321,0,1,1,0,0,0,0
4322,4,0,1,2,0,0,0
4323,2,1,2,1,4,0,3
4324,3,1,0,0,0,0,4
4325,0,1,4,0,0,0,0
4326,0,1,3,0,1,0,1
4327,0,0,3,0,0,3,1
4328,3,0,0,0,0,0,1
4329,4,1,2,0,3,1,0
4330,0,1,0,3,0,3,0
4331,0,2,1,4,4,0,0
4332,1,1,2,0,0,3,3
4333,0,1,0,0,0,0,0
4334,0,1,1,4,0,1,0
4335,1,1,1,0,0,0,0
4336,0,0,1,0,0,4,0
4337,2,1,3,0,2,1,0
4338,0,1,0,0,0,0,0
4339,0,1,0,0,0,0,0
4340,0,1,2,3,0,2,2
4341,2,1,0,0,0,1,0
4342,0,2,1,0,3,0,0
4343,0,1,4,0,4,2,2
4344,0,2,0,0,0,0,3
4345,0,1,0,0,0,0,0
4346,0,3,0,0,4,0,1
4347,0,0,1,0,0,1,0
4348,0,2,0,4,0,0,0
4349,0,4,0,1,1,4,1
4350,0,0,4,0,0,0,0
4351,3,1,0,3,1,0,0
4352,2,1,0,0,0,0,0
4353,0,4,1,0,0,1,0
4354,2,2,0,1,0,3,0
4355,0,1,0,0,0,0,0
4356,0,0,1,0,0,3,0
4357,0,0,0,0,0,1,0
4358,0,2,0,1,1,0,0
4359,0,0,0,0,0,0,1
4360,0,0,1,3,0,0,0
4361,0,0,1,0,4,2,0
4362,0,1,0,1,0,1,1
4363,1,1,0,0,0,1,0
4364,0,2,2,0,0,0,0
4365,0,0,1,0,0,1,0
4366,3,3,0,0,0,1,0
4367,0,2,0,0,4,3,0
4368,0,2,1,0,2,0,1
4369,0,2,1,0,1,1,0
4370,0,0,2,0,3,0,0
4371,0,2,0,0,3,1,3
4372,0,0,1,0,1,4,1
4373,0,1,1,0,1,4,0
4374,0,0,1,0,4,0,0
4375,0,1,2,0,0,1,0
4376,0,1,2,0,1,1,3
4377,0,1,4,3,4,1,4
4378,0,0,0,0,0,1,0
4379,0,1,0,0,1,0,0
4380,0,3,0,0,1,4,0
4381,0,1,1,0,1,0,2
4382,0,0,4,0,3,0,0
4383,0,1,0,2,0,2,0
4384,2,1,0,1,0,0,1
4385,1,1,0,0,0,4,0
4386,0,2,0,2,0,0,3
4387,0,3,2,0,0,4,0
4388,0,1,0,0,0,1,0
4389,0,1,0,0,2,0,0
4390,0,1,0,0,1,1,0
4391,1,0,0,0,0,0,4
4392,0,1,2,0,0,0,0
4393,0,1,0,1,0,0,0
4394,4,0,0,4,0,1,0
4395,1,3,0,1,0,4,0
4396,0,1,0,0,0,1,3
4397,0,1,0,4,1,0,3
4398,3,1,4,4,0,4,4
4399,0,1,3,0,0,0,3
4400,4,3,1,0,0,0,0
4401,0,1,0,0,0,1,0
4402,0,1,1,0,3,0,0
4403,0,0,0,0,0,1,0
4404,0,0,4,1,0,0,0
4405,0,0,0,0,0,2,3
4406,0,3,0,2,0,1,0
4407,0,1,4,0,2,2,0
4408,3,1,2,4,0,1,0
4409,0,1,0,0,2,0,1
4410,0,0,2,0,3,1,0
4411,0,1,0,4,0,0,3
4412,0,0,2,0,0,1,0
4413,0,0,0,0,2,1,0
4414,4,2,0,0,0,0,2
4415,0,2,0,0,4,0,0
4416,1,1,0,0,0,4,0
4417,4,4,0,1,0,0,0
4418,0,0,2,0,2,4,0
4419,0,3,2,0,4,0,0
4420,1,1,3,3,0,0,4
4421,0,1,4,3,4,0,0
4422,2,2,0,1,1,4,0
4423,0,1,0,0,0,0,0
4424,0,2,0,3,4,0,0
4425,0,1,0,0,3,0,0
4426,4,1,2,0,0,4,0
4427,4,3,0,1,0,0,0
4428,1,1,0,1,1,0,4
4429,0,1,0,0,2,0,1
4430,1,0,3,0,0,3,0
4431,0,2,1,0,3,0,3
4432,0,0,0,0,0,0,0
4433,1,1,3,0,0,0,1
4434,0,1,1,4,1,1,0
4435,4,1,0,0,0,4,0
4436,0,1,0,0,1,0,0
4437,1,4,0,0,0,0,0
4438,0,2,3,0,1,0,0
4439,4,0,0,0,1,3,0
4440,0,1,0,2,0,0,0
4441,0,0,2,0,0,0,0
4442,0,0,3,0,0,0,0
4443,0,4,0,0,0,3,0
4444,0,4,3,0,0,0,0
4445,2,0,0,0,0,1,0
4446,0,1,1,0,0,1,0
4447,0,4,1,0,0,3,0
4448,0,1,0,0,0,3,0
4449,1,1,1,0,2,0,0
4450,0,1,0,0,0,0,0
4451,1,1,2,0,0,0,0
4452,0,1,0,3,4,1,0
4453,4,2,0,4,1,0,1
4454,0,1,1,0,0,3,0
4455,0,1,0,0,0,0,0
4456,0,4,0,0,3,0,0
4457,0,1,0,0,3,3,2
4458,0,1,0,0,0,0,3
4459,1,1,0,0,0,0,0
4460,0,1,0,0,0,1,0
4461,0,0,1,0,2,0,2
4462,0,1,0,0,0,0,0
4463,0,1,2,0,2,0,2
4464,0,3,0,2,0,4,3
4465,2,4,0,0,0,0,0
4466,0,1,0,0,0,0,0
4467,0,1,0,0,1,0,1
4468,1,1,1,0,1,3,2
4469,0,1,0,0,1,0,3
4470,0,0,2,0,0,0,0
4471,0,1,2,0,0,0,0
4472,0,2,1,0,1,0,1
4473,2,2,0,2,0,0,0
4474,1,0,2,1,0,0,0
4475,4,1,2,0,0,0,2
4476,3,1,3,1,0,1,0
4477,0,2,0,2,1,1,3
4478,0,0,0,0,3,0,0
4479,0,4,0,3,2,1,0
4480,0,2,0,0,0,1,0
4481,2,1,0,3,0,0,0
4482,0,1,0,0,0,1,0
4483,3,2,0,3,1,1,0
4484,0,1,0,0,0,2,0
4485,0,2,1,1,0,2,0
4486,0,1,1,0,0,4,2
4487,0,2,0,0,0,1,3
4488,0,0,0,0,0,0,0
4489,4,1,0,0,0,1,4
4490,0,1,0,0,0,0,3
4491,0,1,3,0,2,4,0
4492,0,2,0,0,0,3,3
4493,0,1,1,0,0,1,0
4494,0,1,0,0,1,4,4
4495,0,1,0,0,0,0,3
4496,2,1,4,0,0,2,1
4497,0,0,0,0,4,1,4
4498,0,0,4,4,3,0,1
4499,0,1,0,0,0,0,0
4500,4,1,0,0,2,1,0
4501,0,1,0,0,3,3,0
4502,1,0,4,0,0,0,0
4503,0,0,1,0,0,1,2
4504,0,2,0,2,1,0,0
4505,0,1,0,0,0,0,0
4506,1,1,0,0,0,1,0
4507,0,0,3,4,0,0,1
4508,0,0,1,0,0,4,0
4509,0,1,0,0,4,0,0
4510,0,2,0,1,1,4,1
4511,0,1,0,0,0,4,4
4512,0,2,0,0,0,0,0
4513,0,1,0,0,1,0,1
4514,3,0,0,0,0,2,1
4515,0,0,3,0,0,1,4
4516,0,0,0,4,3,0,0
4517,0,1,0,0,3,0,4
4518,0,4,0,0,1,0,0
4519,3,3,0,0,0,0,0
4520,0,1,3,0,0,0,0
4521,3,1,0,4,0,0,4
4522,0,1,1,0,0,0,1
4523,0,3,0,4,1,1,1
4524,3,0,0,0,0,1,0
4525,0,3,3,0,0,0,0
4526,0,1,2,0,3,1,0
4527,4,2,0,0,0,0,0
4528,3,1,1,0,0,4,0
4529,0,0,1,0,0,0,0
4530,0,2,1,4,3,0,0
4531,0,4,0,4,0,0,0
4532,0,0,0,0,1,4,4
4533,1,0,3,0,1,1,0
4534,0,2,2,4,3,4,1
4535,0,0,0,0,2,0,0
4536,2,1,0,0,0,0,1
4537,0,1,0,2,0,0,0
4538,0,3,0,0,0,0,2
4539,0,1,3,0,0,1,0
4540,3,2,0,0,1,0,1
4541,0,0,1,0,0,1,3
4542,0,3,0,2,0,0,0
4543,2,1,3,0,1,0,0
4544,0,2,4,0,4,0,0
4545,0,1,0,0,0,0,0
4546,4,1,0,0,0,0,0
4547,0,4,1,0,1,2,1
4548,0,1,4,0,0,0,4
4549,0,1,0,0,0,0,1
4550,4,2,1,0,1,0,2
4551,0,1,1,4,0,0,1
4552,0,1,0,0,0,1,3
4553,0,4,3,1,0,0,0
4554,0,1,2,0,0,0,0
4555,0,2,0,0,1,1,0
4556,4,0,2,0,0,3,0
4557,0,1,0,0,0,0,0
4558,0,4,0,0,4,4,2
4559,0,1,0,0,0,3,0
4560,1,1,2,3,4,0,0
4561,0,1,2,0,1,0,4
4562,4,1,1,0,1,3,3
4563,2,2,0,0,1,1,1
4564,1,0,0,0,0,1,1
4565,0,0,1,4,0,0,0
4566,0,1,0,1,0,0,0
4567,2,1,0,3,1,0,3
4568,0,1,0,0,0,0,0
4569,3,1,0,0,0,0,0
4570,2,0,0,0,3,0,0
4571,0,1,0,0,0,0,0
4572,1,3,0,0,0,0,0
4573,0,4,1,0,1,0,0
4574,2,3,0,0,0,0,0
4575,2,1,1,3,1,0,0
4576,0,1,0,0,0,1,0
4577,0,1,0,0,0,0,2
4578,0,1,0,0,3,1,1
4579,0,0,3,0,0,1,0
4580,1,1,0,0,0,0,0
4581,0,3,0,2,0,0,1
4582,0,2,0,0,1,2,1
4583,0,2,0,0,1,0,1
4584,4,1,0,1,0,3,0
4585,0,1,1,3,3,0,0
4586,3,1,0,0,0,0,0
4587,2,1,0,0,1,2,0
4588,0,1,0,0,1,0,3
4589,0,2,0,0,2,0,0
4590,0,0,1,0,1,0,0
4591,0,1,0,0,0,4,0
4592,0,1,0,0,0,0,0
4593,0,0,1,4,0,0,1
4594,0,1,0,0,0,0,0
4595,0,1,0,0,1,0,0
4596,0,2,0,0,0,4,2
4597,0,0,2,0,1,0,0
4598,0,2,1,1,0,4,0
4599,0,0,1,0,0,0,0
4600,0,3,1,0,1,3,0
4601,0,1,0,3,0,0,1
4602,0,1,4,1,1,0,0
4603,1,0,0,0,0,1,0
4604,0,1,0,3,0,0,0
4605,0,0,0,0,0,0,0
4606,0,0,3,0,3,1,0
4607,0,1,0,0,0,3,0
4608,4,0,0,1,0,1,0
4609,0,1,0,0,0,0,1
4610,0,1,0,1,1,1,3
4611,0,2,2,1,1,0,1
4612,0,4,1,0,1,1,0
4613,0,3,0,0,4,0,1
4614,0,1,0,0,0,1,3
4615,0,1,1,0,2,1,0
4616,0,0,2,0,0,1,0
4617,2,1,2,0,0,1,0
4618,0,0,1,3,0,1,0
4619,3,4,4,0,0,0,0
4620,0,1,1,0,0,0,3
4621,3,2,0,0,3,0,0
4622,0,2,0,0,0,0,0
4623,0,1,0,2,0,0,0
4624,0,1,1,0,0,0,0
4625,0,1,4,2,1,0,0
4626,0,2,0,0,0,0,1
4627,0,1,0,0,0,1,0
4628,0,1,0,1,3,4,1
4629,4,1,0,1,4,4,3
4630,0,1,0,0,0,0,4
4631,0,0,0,0,4,0,0
4632,0,0,1,0,4,0,0
4633,1,1,0,0,1,1,0
4634,0,1,3,0,0,0,1
4635,0,0,1,0,1,3,0
4636,0,1,3,2,3,1,0
4637,2,3,0,0,0,0,1
4638,0,0,0,0,0,0,0
4639,0,4,0,0,0,0,4
4640,0,4,0,0,0,0,0
4641,0,0,1,0,2,1,0
4642,0,0,0,0,0,0,0
4643,0,2,2,1,1,0,0
4644,0,0,1,0,1,1,0
4645,0,2,0,0,0,0,2
4646,3,1,1,0,0,0,1
4647,0,2,0,1,1,1,0
4648,0,2,0,0,4,3,0
4649,0,1,0,1,3,2,1
4650,0,2,0,0,0,0,0
4651,0,1,0,0,1,0,1
4652,0,2,1,0,0,0,0
4653,4,2,0,1,3,1,1
4654,0,0,1,3,1,0,0
4655,0,2,1,1,1,0,1
4656,0,3,4,0,1,0,0
4657,0,1,0,3,3,0,0
4658,0,3,3,0,0,3,0
4659,0,1,1,2,0,0,0
4660,0,1,0,0,1,0,0
4661,0,2,0,1,0,1,4
4662,0,1,3,2,0,3,0
4663,0,4,1,0,0,1,0
4664,0,1,4,0,4,0,0
4665,0,2,1,0,2,0,0
4666,0,1,0,2,0,0,0
4667,0,0,0,0,2,1,0
4668,0,1,0,0,0,0,0
4669,0,1,1,1,1,0,0
4670,0,2,1,0,0,1,1
4671,0,1,1,1,1,0,1
4672,1,0,0,0,0,0,0
4673,2,3,0,0,0,0,0
4674,0,1,0,0,0,1,2
4675,0,0,4,0,0,0,0
4676,0,4,0,0,0,0,0
4677,0,2,4,1,1,4,1
4678,0,0,2,1,0,1,0
4679,0,4,0,1,2,0,0
4680,0,1,0,0,0,0,3
4681,1,1,0,0,0,0,0
4682,0,1,1,0,0,0,0
4683,3,0,1,1,0,3,0
4684,0,2,2,0,1,0,0
4685,0,1,2,0,0,0,2
4686,1,4,1,0,2,1,0
4687,0,0,1,0,0,0,0
4688,0,4,0,0,1,0,4
4689,0,1,1,0,2,1,0
4690,0,1,2,0,0,1,0
4691,2,1,0,0,0,0,0
4692,0,1,1,0,0,0,0
4693,0,0,0,0,0,3,0
4694,3,2,0,0,0,3,3
4695,0,0,3,0,0,0,3
4696,0,0,0,0,2,2,1
4697,0,2,2,4,0,0,3
4698,0,0,1,0,0,4,0
4699,0,1,0,0,0,0,0
4700,0,2,1,0,1,4,1
4701,0,2,1,3,1,2,1
4702,0,3,1,4,0,2,0
4703,3,1,0,2,0,0,0
4704,0,0,2,0,0,4,0
4705,0,1,2,1,0,0,1
4706,0,0,1,0,0,0,0
4707,0,2,0,0,4,0,3
4708,0,1,1,0,0,0,0
4709,0,4,0,0,0,1,2
4710,0,1,0,0,0,0,0
4711,0,0,1,4,1,1,0
4712,4,4,0,4,0,4,4
4713,0,2,3,4,3,0,0
4714,1,0,1,0,0,1,3
4715,0,0,0,0,0,1,0
4716,0,0,1,1,4,2,0
4717,0,1,0,0,1,1,2
4718,0,2,2,4,0,3,4
4719,0,1,3,4,2,0,2
4720,0,0,1,0,0,0,1
4721,0,2,0,0,3,0,0
4722,0,0,0,3,0,0,4
4723,0,1,1,0,1,0,0
4724,0,0,0,0,0,0,0
4725,0,0,4,0,0,0,3
4726,0,1,0,0,0,1,0
4727,0,2,3,2,1,4,0
4728,0,1,0,0,1,0,2
4729,0,1,0,0,0,0,2
4730,0,1,0,0,1,0,1
4731,2,0,1,0,3,1,0
4732,0,3,0,0,2,0,0
4733,0,2,4,3,0,0,0
4734,0,1,2,3,0,1,0
4735,1,2,0,0,0,0,0
4736,0,0,1,4,1,4,0
4737,4,1,0,0,1,3,4
4738,0,1,4,0,0,0,3
4739,0,0,4,4,3,0,0
4740,0,0,0,0,0,1,0
4741,0,1,0,0,3,1,0
4742,0,1,1,0,0,1,0
4743,0,0,0,0,0,3,0
4744,0,1,2,0,0,0,0
4745,0,2,4,1,0,0,1
4746,0,0,1,0,1,4,0
4747,0,0,2,4,2,1,0
4748,3,0,0,2,1,0,0
4749,0,1,0,0,0,0,0
4750,0,1,0,0,0,0,0
4751,0,1,0,0,0,0,0
4752,2,1,0,2,0,0,0
4753,2,0,0,2,1,0,0
4754,0,1,0,0,0,1,1
4755,0,1,0,3,1,0,0
4756,0,0,2,3,0,3,0
4757,0,0,0,0,0,4,0
4758,0,2,0,0,0,0,1
4759,0,0,0,0,3,1,0
4760,3,0,0,0,0,1,0
4761,2,2,1,0,0,0,0
4762,0,1,2,0,4,1,2
4763,0,0,3,3,0,1,0
4764,0,1,0,0,0,4,0
4765,4,2,2,1,1,1,1
4766,0,3,0,0,0,4,1
4767,2,1,1,1,0,0,0
4768,0,1,0,0,0,0,0
4769,0,3,0,0,0,0,0
4770,4,3,0,0,3,0,1
4771,0,1,0,0,0,0,0
4772,0,1,0,3,4,1,0
4773,0,4,0,0,1,0,1
4774,0,2,1,0,3,1,0
4775,0,0,4,0,0,0,0
4776,3,4,0,4,0,4,0
4777,0,0,1,2,0,0,3
4778,0,3,0,3,0,0,1
4779,0,0,2,0,1,1,0
4780,1,1,0,0,0,3,0
4781,2,4,2,0,0,0,0
4782,0,1,0,1,0,4,2
4783,4,0,0,0,0,1,0
4784,0,1,1,0,1,1,2
4785,0,3,0,3,0,0,0
4786,0,1,2,0,1,0,0
4787,2,0,0,0,0,0,1
4788,0,1,1,1,2,0,1
4789,0,1,0,4,1,1,3
4790,0,0,0,0,1,0,0
4791,0,2,0,1,1,1,1
4792,0,1,0,0,0,0,0
4793,0,1,0,1,0,0,0
4794,4,3,0,0,1,0,1
4795,1,0,4,0,0,0,0
4796,0,1,0,0,1,0,3
4797,0,0,0,0,0,0,0
4798,0,1,1,0,0,1,0
4799,3,0,0,0,0,0,1
4800,4,1,0,3,0,0,0
4801,0,3,0,2,0,0,4
4802,0,1,0,0,0,1,1
4803,0,1,3,2,0,3,1
4804,0,1,0,2,0,1,0
4805,0,2,0,1,0,0,0
4806,0,0,0,3,0,4,2
4807,0,1,0,1,1,0,0
4808,0,0,1,0,4,0,0
4809,4,1,1,0,1,0,2
4810,4,1,0,0,0,0,0
4811,0,1,1,0,0,0,0
4812,0,2,0,3,1,1,1
4813,0,3,0,3,0,1,0
4814,0,1,0,1,4,1,1
4815,2,2,0,0,3,1,0
4816,1,0,4,0,0,0,0
4817,4,0,2,0,0,0,0
4818,0,3,0,0,0,0,0
4819,4,0,0,1,2,0,2
4820,0,0,0,0,0,0,3
4821,1,2,0,0,2,0,0
4822,0,1,0,0,1,0,2
4823,0,1,3,0,0,0,0
4824,0,0,0,3,4,4,0
4825,0,1,0,0,0,1,0
4826,0,0,1,0,1,3,0
4827,3,2,0,0,0,1,0
4828,0,1,0,0,0,0,3
4829,0,2,0,3,0,1,0
4830,0,3,1,0,1,1,0
4831,1,1,0,0,0,0,4
4832,1,3,2,0,0,0,0
4833,0,1,3,3,0,0,3
4834,0,3,4,2,2,1,0
4835,0,2,1,1,1,0,0
4836,0,0,4,1,0,0,0
4837,0,1,0,0,0,1,3
4838,0,1,1,0,0,1,4
4839,0,0,0,0,0,1,0
4840,0,2,3,0,0,1,3
4841,0,1,0,1,3,3,4
4842,1,1,4,0,1,0,4
4843,3,2,0,0,0,0,0
4844,3,0,2,0,0,1,0
4845,0,1,1,0,0,1,0
4846,0,1,0,4,0,0,0
4847,4,1,0,0,0,2,0
4848,4,1,1,0,0,1,1
4849,0,0,0,2,0,1,2
4850,0,1,3,0,3,0,0
4851,0,1,0,0,0,0,0
4852,0,1,0,0,4,1,2
4853,0,0,1,0,0,1,0
4854,0,4,2,0,1,0,3
4855,1,3,0,0,0,0,1
4856,0,2,1,0,1,0,0
4857,0,0,1,1,0,0,0
4858,0,0,2,0,1,0,0
4859,0,2,0,0,0,1,3
4860,0,0,0,0,0,0,1
4861,2,1,0,0,0,0,0
4862,2,4,0,2,3,0,0
4863,0,1,0,0,0,0,0
4864,0,1,1,0,0,2,0
4865,3,0,0,3,0,1,0
4866,0,1,0,0,3,0,0
4867,0,1,0,2,0,1,0
4868,0,1,1,0,3,3,0
4869,0,1,1,4,4,0,0
4870,0,2,0,4,4,1,0
4871,0,4,0,1,0,0,4
4872,0,1,3,4,0,0,0
4873,0,1,1,0,3,0,0
4874,0,0,0,0,0,0,0
4875,0,1,1,0,0,0,0
4876,0,2,0,0,1,4,2
4877,0,0,2,0,4,0,0
4878,0,0,0,0,0,4,0
4879,0,0,0,0,4,2,0
4880,0,0,1,0,0,1,0
4881,0,1,0,0,3,0,0
4882,0,1,0,0,0,0,0
4883,0,1,1,0,0,0,0
4884,0,2,0,0,0,1,0
4885,2,1,0,0,1,0,0
4886,0,3,0,4,0,0,0
4887,0,1,0,3,2,0,3
4888,0,4,0,0,1,0,3
4889,4,1,0,0,1,3,0
4890,0,4,1,4,1,0,1
4891,0,1,0,0,0,0,0
4892,3,1,1,0,0,4,0
4893,0,0,2,1,1,1,0
4894,3,1,2,1,0,1,3
4895,0,1,3,0,0,0,0
4896,4,1,1,0,0,0,0
4897,0,0,1,0,0,0,0
4898,0,1,0,0,0,3,0
4899,0,2,3,0,0,1,3
4900,0,1,0,0,0,0,0
4901,0,0,1,0,2,0,0
4902,0,1,1,0,1,0,0
4903,2,1,0,4,1,1,0
4904,0,1,0,0,0,1,2
4905,0,0,0,0,3,1,0
4906,0,1,0,0,0,0,0
4907,0,1,0,0,2,0,0
4908,0,1,0,0,0,0,0
4909,0,1,0,0,0,0,2
4910,0,1,2,0,1,0,0
4911,0,0,1,0,1,0,0
4912,0,2,1,0,0,4,0
4913,2,2,4,2,3,1,1
4914,4,3,1,4,0,1,3
4915,0,1,0,1,0,0,0
4916,3,1,0,0,4,0,1
4917,3,0,1,0,0,2,0
4918,0,2,0,2,1,0,1
4919,0,0,0,0,1,1,0
4920,0,1,0,0,4,0,2
4921,0,0,2,0,0,0,0
4922,0,0,1,0,0,0,0
4923,0,1,0,0,1,0,1
4924,1,0,1,0,0,1,3
4925,1,1,0,0,0,0,0
4926,1,0,4,1,1,1,0
4927,0,1,0,0,0,0,0
4928,0,0,0,0,1,1,0
4929,3,1,0,0,3,0,0
4930,0,3,0,0,0,2,0
4931,0,0,1,3,0,1,0
4932,0,1,0,1,2,0,0
4933,3,1,0,1,4,3,0
4934,0,0,0,0,2,3,0
4935,4,2,0,0,0,0,3
4936,1,1,0,0,0,0,3
4937,4,0,3,0,4,1,2
4938,0,4,0,0,1,1,0
4939,0,2,1,0,1,4,0
4940,4,1,1,0,0,3,0
4941,0,0,0,0,0,0,2
4942,0,1,0,0,0,1,1
4943,0,0,0,4,0,1,3
4944,3,1,0,0,0,0,0
4945,0,0,3,0,0,0,0
4946,0,3,1,0,2,3,4
4947,0,0,0,0,0,0,0
4948,0,0,4,0,0,0,0
4949,2,4,1,0,0,2,1
4950,0,0,0,0,0,0,4
4951,0,1,4,2,1,4,0
4952,1,1,3,0,2,1,3
4953,0,2,0,4,1,0,1
4954,0,0,1,0,0,2,0
4955,0,4,0,0,1,0,1
4956,0,1,0,1,0,1,0
4957,0,0,1,0,0,0,0
4958,0,1,2,0,4,4,0
4959,0,1,0,0,3,0,0
4960,0,3,0,1,0,4,0
4961,0,4,0,2,0,3,4
4962,2,0,0,0,1,2,0
4963,3,0,1,0,0,0,1
4964,0,1,0,0,1,0,1
4965,3,1,0,4,1,0,2
4966,0,1,0,0,0,0,0
4967,0,1,3,0,2,0,1
4968,0,4,3,0,2,1,0
4969,1,3,2,3,0,0,0
4970,2,0,0,3,0,0,0
4971,0,0,4,4,0,1,0
4972,3,1,0,0,4,0,0
4973,0,0,1,2,0,1,0
4974,0,1,0,0,0,4,0
4975,0,1,0,0,0,0,0
4976,0,1,0,0,0,0,0
4977,0,1,0,0,1,0,0
4978,0,1,0,0,0,0,1
4979,4,1,2,2,3,0,2
4980,0,2,3,4,0,1,2
4981,4,3,0,0,0,0,0
4982,2,0,0,2,4,1,0
4983,4,2,1,1,1,1,1
4984,3,3,1,2,0,0,0
4985,2,4,0,0,0,2,0
4986,0,2,2,0,0,0,4
4987,0,0,0,0,0,0,0
4988,0,1,0,0,0,2,0
4989,0,1,3,0,0,2,0
4990,0,1,0,0,1,2,4
4991,0,2,1,0,1,0,0
4992,0,2,0,0,2,3,1
4993,3,3,0,0,0,0,0
4994,0,2,0,0,1,3,1
4995,3,1,0,0,0,2,1
4996,0,3,0,2,0,0,0
4997,0,0,1,0,0,0,0
4998,0,1,0,1,0,0,0
4999,1,0,2,0,4,0,1
5000,3,0,0,2,0,1,0
5001,1,2,0,0,1,0,0
5002,0,0,0,0,0,0,0
5003,0,1,4,2,1,1,0
5004,0,0,0,0,0,0,0
5005,0,1,0,1,0,1,0
5006,0,1,1,2,1,0,4
5007,0,1,0,0,0,0,0
5008,2,4,0,0,1,0,0
5009,0,1,0,0,0,0,0
5010,3,2,0,2,1,1,0
5011,0,1,0,0,3,0,0
5012,0,0,1,0,0,1,2
5013,2,0,4,0,1,1,0
5014,0,1,0,0,0,0,2
5015,0,1,0,0,0,1,4
5016,0,2,2,0,3,2,0
5017,2,1,0,0,1,0,4
5018,0,2,1,0,0,0,0
5019,0,1,0,2,0,1,0
5020,1,1,0,0,0,2,0
5021,0,1,0,1,0,2,0
5022,0,1,1,0,2,1,0
5023,0,0,2,0,3,1,3
5024,0,1,1,2,1,0,2
5025,1,0,0,4,0,0,3
5026,3,1,0,0,1,0,1
5027,2,1,1,0,0,2,0
5028,0,1,1,0,0,2,0
5029,2,1,1,0,0,0,0
5030,0,4,1,0,3,1,0
5031,0,2,0,1,0,0,0
5032,2,0,2,0,0,0,0
5033,0,1,0,0,0,0,0
5034,2,0,0,0,0,1,0
5035,1,2,0,0,1,2,0
5036,1,1,0,0,2,0,1
5037,0,0,1,0,0,1,0
5038,0,3,0,0,4,0,3
5039,1,1,2,2,3,0,0
5040,3,1,0,0,0,4,0
5041,0,1,0,0,0,4,0
5042,0,0,1,0,4,0,0
5043,0,1,1,4,0,1,0
5044,1,0,0,0,0,3,0
5045,0,4,4,0,0,1,0
5046,0,0,1,0,3,1,0
5047,0,3,2,0,4,0,0
5048,0,1,0,0,0,1,0
5049,0,1,0,0,0,0,0
5050,1,2,1,3,1,1,0
5051,4,2,0,0,0,0,0
5052,0,1,0,0,0,0,0
5053,2,0,0,0,0,0,0
5054,0,0,0,0,0,2,0
5055,0,2,0,0,0,4,0
5056,0,2,1,4,0,0,0
5057,2,1,0,0,3,0,1
5058,0,1,0,2,0,0,0
5059,0,1,2,0,0,1,0
5060,0,0,1,0,1,1,0
5061,3,1,0,4,0,0,0
5062,1,1,0,0,1,3,0
5063,0,2,1,0,0,3,0
5064,1,1,1,0,1,0,0
5065,0,1,0,0,2,0,0
5066,0,1,0,3,0,0,2
5067,0,2,2,4,0,0,0
5068,0,0,0,1,0,0,0
5069,0,0,0,0,0,0,0
5070,3,2,0,0,0,0,1
5071,1,1,0,0,1,1,1
5072,0,0,0,0,3,0,0
5073,0,1,4,2,1,1,0
5074,0,1,0,4,0,0,0
5075,2,1,0,0,1,0,0
5076,0,1,0,0,1,0,0
5077,0,4,0,0,0,1,0
5078,0,0,2,0,0,0,0
5079,0,1,0,0,0,0,4
5080,1,1,0,0,0,3,0
5081,0,0,4,1,1,1,1
5082,0,4,1,0,1,4,0
5083,0,2,1,0,1,0,0
5084,0,1,1,0,0,4,0
5085,0,2,0,1,0,1,4
5086,0,0,2,0,0,0,3
5087,0,1,3,0,0,0,0
5088,3,1,0,0,4,1,0
5089,0,1,1,3,0,0,0
5090,0,2,0,4,0,3,0
5091,0,0,1,0,3,1,3
5092,3,1,3,0,0,1,0
5093,0,3,1,0,0,3,0
5094,0,0,1,0,0,0,0
5095,3,0,0,0,3,4,0
5096,0,0,4,0,0,1,0
5097,0,4,0,0,0,4,0
5098,0,1,0,0,2,1,3
5099,0,1,2,0,0,1,0
5100,0,1,0,0,2,4,1
5101,0,4,0,0,0,1,0
5102,1,1,0,0,1,0,1
5103,0,2,0,0,0,0,0
5104,0,2,0,0,1,0,1
5105,0,1,0,1,0,1,0
5106,2,1,0,4,1,1,0
5107,0,2,1,0,1,1,2
5108,0,1,2,0,3,0,0
5109,0,0,0,0,0,3,0
5110,0,2,1,0,1,0,0
5111,0,1,4,0,1,0,1
5112,1,2,0,3,3,1,1
5113,0,4,0,0,0,0,0
5114,0,1,1,0,0,3,0
5115,0,1,0,0,4,0,0
5116,3,2,0,0,4,1,1
5117,0,0,0,4,0,4,0
5118,0,1,1,0,3,0,0
5119,0,0,1,1,0,1,1
5120,0,1,1,0,2,0,0
5121,0,4,0,2,1,1,0
5122,2,1,0,1,0,0,0
5123,0,1,0,0,0,3,0
5124,0,1,0,2,0,0,2
5125,2,1,0,0,0,0,0
5126,0,0,0,2,1,1,0
5127,0,2,0,4,0,0,4
5128,0,0,0,2,1,1,0
5129,0,1,0,0,3,1,0
5130,0,0,0,0,0,2,0
5131,0,0,2,0,1,1,4
5132,0,1,0,0,4,0,4
5133,0,1,1,0,0,1,0
5134,0,0,1,0,0,0,0
5135,0,0,3,0,1,1,0
5136,0,0,2,0,2,2,0
5137,3,0,0,0,3,0,0
5138,0,2,2,2,4,0,0
5139,4,3,0,0,1,0,0
5140,0,2,1,0,3,0,0
5141,0,1,0,0,0,0,0
5142,0,2,0,1,0,0,0
5143,0,1,0,0,0,4,0
5144,0,2,2,0,1,1,0
5145,0,1,0,0,0,2,0
5146,3,1,0,0,0,0,0
5147,3,1,0,0,1,2,0
5148,0,2,0,4,0,0,0
5149,0,1,0,0,0,0,0
5150,0,1,1,0,0,3,0
5151,0,1,0,0,0,0,4
5152,4,0,0,0,4,0,0
5153,0,3,0,0,1,1,0
5154,0,1,0,0,0,0,0
5155,0,4,2,0,0,0,0
5156,1,3,1,4,2,0,3
5157,2,1,0,0,0,1,0
5158,0,3,0,1,0,2,2
5159,3,1,0,0,1,1,0
5160,4,1,0,2,0,1,0
5161,0,2,4,0,1,0,1
5162,2,0,3,0,0,4,0
5163,0,4,0,0,0,1,0
5164,0,2,0,1,1,2,4
5165,1,1,2,0,3,2,0
5166,1,3,0,0,1,0,1
5167,1,0,0,0,4,1,0
5168,0,1,0,0,3,0,0
5169,0,0,1,0,1,1,0
5170,0,0,0,0,3,1,0
5171,0,1,0,0,0,1,0
5172,0,1,0,0,0,0,0
5173,0,3,0,0,0,4,3
5174,0,1,3,4,0,1,1
5175,0,0,0,2,1,4,0
5176,0,0,3,3,0,1,0
5177,0,0,1,0,0,1,1
5178,3,0,1,0,1,1,0
5179,0,2,0,0,2,0,1
5180,3,1,4,0,0,0,0
5181,4,1,0,0,0,0,1
5182,0,1,0,0,0,0,0
5183,0,0,2,0,3,0,0
5184,0,0,1,2,0,0,0
5185,0,1,4,0,3,4,2
5186,0,0,1,0,0,1,3
5187,1,1,2,0,0,0,4
5188,0,1,0,0,1,0,0
5189,0,2,0,0,0,0,4
5190,0,1,0,1,0,1,0
5191,0,1,4,0,0,2,0
5192,0,1,0,0,4,0,0
5193,0,2,0,0,2,4,0
5194,0,0,1,0,1,1,0
5195,3,0,1,0,0,0,3
5196,0,1,4,3,0,3,0
5197,0,1,1,0,0,0,0
5198,1,1,0,1,0,1,0
5199,2,1,0,0,3,0,2
5200,4,4,3,0,0,1,1
5201,0,1,0,2,1,0,1
5202,0,0,2,0,0,1,0
5203,4,1,1,0,1,0,0
5204,2,1,3,0,0,0,0
5205,1,1,0,1,0,0,4
5206,0,0,2,0,0,1,0
5207,0,1,0,0,1,1,0
5208,0,0,4,1,0,2,0
5209,0,2,0,0,0,0,0
5210,0,0,3,0,1,1,0
5211,0,1,3,0,0,1,2
5212,0,2,1,0,4,0,3
5213,0,0,1,0,1,3,0
5214,0,1,3,0,0,4,0
5215,0,3,0,4,2,0,1
5216,0,1,4,1,0,0,0
5217,4,0,1,0,4,0,0
5218,0,3,0,0,3,0,0
5219,0,2,0,0,0,0,0
5220,4,1,1,0,0,0,0
5221,4,1,0,0,0,0,0
5222,0,0,0,0,3,2,0
5223,0,3,0,0,0,4,0
5224,0,1,0,0,0,0,0
5225,3,0,0,0,0,0,3
5226,2,2,1,0,1,0,0
5227,0,0,3,0,0,1,4
5228,0,4,0,0,4,1,0
5229,3,0,1,0,0,1,0
5230,0,1,0,0,0,0,0
5231,3,2,0,0,0,1,0
5232,1,0,0,0,0,3,0
5233,0,1,2,0,0,1,0
5234,2,1,1,0,1,0,0
5235,2,1,0,0,0,0,0
5236,4,2,0,0,0,0,0
5237,4,3,0,0,0,1,0
5238,0,0,0,0,0,3,4
5239,2,1,1,1,0,0,0
5240,0,0,2,0,1,3,0
5241,0,1,0,0,1,3,4
5242,0,1,0,0,0,0,0
5243,3,1,1,3,2,0,0
5244,0,2,2,0,0,0,0
5245,0,1,0,0,0,0,0
5246,0,0,1,0,0,1,0
5247,0,1,0,0,0,0,3
5248,1,0,1,0,0,1,3
5249,0,1,0,0,1,1,1
5250,0,0,0,0,0,0,0
5251,0,1,0,4,3,1,0
5252,0,4,1,0,0,1,0
5253,0,1,4,0,2,2,3
5254,0,4,0,2,0,0,2
5255,0,0,1,0,0,3,2
5256,0,1,0,3,0,0,3
5257,0,1,1,0,0,0,0
5258,1,1,0,0,0,0,0
5259,0,1,0,0,0,2,0
5260,0,3,1,0,0,3,0
5261,4,1,4,0,0,3,3
5262,0,0,0,0,0,1,0
